OrderID,OrderDate,Origin,Destination,Weight_kg,VehicleType,FreightCost_USD,DeliveryStatus,CustomerRating
ORD00001,2023-09-03,Los Angeles,Seattle,190.4,Van,356.1,Delivered,4.0
ORD00002,2023-09-16,Los Angeles,Seattle,475.6,Air,1228.86,Delayed,4.0
ORD00003,2023-07-31,Chicago,Seattle,367.34,Train,1192.35,Delivered,5.0
ORD00004,2023-03-02,New York,Seattle,301.34,Truck,893.31,Delivered,4.0
ORD00005,2023-08-25,New York,Miami,82.23,Air,255.99,Delayed,4.0
ORD00006,2023-09-19,Houston,Seattle,82.22,Van,231.66,Delivered,5.0
ORD00007,2023-11-10,Los Angeles,Atlanta,33.75,Train,97.35,Delivered,4.0
ORD00008,2023-01-19,Houston,Atlanta,433.76,Truck,1387.33,Delayed,5.0
ORD00009,2023-01-15,Los Angeles,Seattle,302.55,Train,604.9,Delayed,2.0
ORD00010,2023-04-15,Houston,Seattle,355.5,Train,881.23,Delivered,4.0
ORD00011,2023-03-30,Chicago,Boston,15.19,Air,29.51,In Transit,1.0
ORD00012,2023-01-13,Phoenix,Boston,485.11,Van,1685.92,Delayed,2.0
ORD00013,2023-06-12,Phoenix,Boston,417.06,Van,1413.05,In Transit,5.0
ORD00014,2023-09-23,New York,Miami,110.11,Air,173.85,Delivered,3.0
ORD00015,2023-02-09,Phoenix,Miami,95.0,Truck,276.56,Delivered,4.0
ORD00016,2023-06-18,Chicago,Miami,95.79,Train,320.94,In Transit,4.0
ORD00017,2023-05-31,Los Angeles,Seattle,155.6,Van,289.6,In Transit,4.0
ORD00018,2023-12-25,Houston,Atlanta,264.75,Train,697.85,Delivered,5.0
ORD00019,2023-05-16,Phoenix,Miami,218.81,Air,728.85,Delivered,1.0
ORD00020,2023-02-07,New York,Denver,149.16,Train,233.87,Delivered,5.0
ORD00021,2023-11-08,Houston,Denver,307.87,Train,891.23,Delivered,5.0
ORD00022,2023-07-23,New York,Denver,74.05,Train,155.11,Delivered,4.0
ORD00023,2023-01-19,New York,Boston,149.61,Van,501.01,Delivered,5.0
ORD00024,2023-09-27,Phoenix,Boston,186.35,Air,641.44,Delivered,2.0
ORD00025,2023-05-05,Houston,Denver,230.75,Train,781.9,Delivered,4.0
ORD00026,2023-04-19,Los Angeles,Boston,393.66,Truck,963.85,Delivered,4.0
ORD00027,2023-01-02,Los Angeles,Atlanta,103.84,Air,334.79,Delivered,5.0
ORD00028,2023-08-07,Phoenix,Miami,259.55,Air,827.73,Delayed,5.0
ORD00029,2023-01-05,Houston,Miami,298.25,Van,637.72,Delivered,4.0
ORD00030,2023-02-07,Houston,Boston,27.99,Van,88.39,Delivered,5.0
ORD00031,2023-11-30,Los Angeles,Atlanta,305.73,Air,481.22,Delivered,3.0
ORD00032,2023-05-03,Houston,Denver,89.41,Air,240.74,In Transit,4.0
ORD00033,2023-10-11,Chicago,Boston,37.2,Air,72.91,In Transit,4.0
ORD00034,2023-04-15,New York,Boston,474.7,Train,826.52,Delivered,5.0
ORD00035,2023-11-09,Houston,Denver,482.99,Train,798.82,Delivered,5.0
ORD00036,2023-03-30,Chicago,Boston,405.16,Van,1171.96,Cancelled,4.0
ORD00037,2023-06-15,Chicago,Miami,155.78,Air,339.56,Delivered,3.0
ORD00038,2023-04-30,Los Angeles,Boston,53.35,Truck,157.36,Delivered,3.0
ORD00039,2023-06-08,Chicago,Boston,343.7,Truck,560.48,Delivered,4.0
ORD00040,2023-07-05,New York,Denver,222.88,Air,474.86,Delivered,4.0
ORD00041,2023-12-21,Phoenix,Denver,65.41,Truck,168.69,Delivered,5.0
ORD00042,2023-01-09,Chicago,Miami,250.11,Air,770.7,Delivered,4.0
ORD00043,2023-01-25,Houston,Miami,22.02,Truck,47.07,Delivered,4.0
ORD00044,2023-05-21,Phoenix,Seattle,455.11,Train,1252.36,In Transit,3.0
ORD00045,2023-08-29,New York,Miami,133.1,Air,435.5,Delivered,5.0
ORD00046,2023-05-03,Chicago,Atlanta,332.95,Van,909.53,Delivered,5.0
ORD00047,2023-11-13,Chicago,Denver,159.3,Van,313.17,Delivered,2.0
ORD00048,2023-12-18,Los Angeles,Boston,262.43,Van,406.45,Delivered,5.0
ORD00049,2023-06-20,Los Angeles,Atlanta,275.62,Train,893.06,Delivered,4.0
ORD00050,2023-03-13,Los Angeles,Denver,96.5,Train,148.85,Delivered,2.0
ORD00051,2023-11-12,Houston,Atlanta,484.94,Air,1575.77,In Transit,4.0
ORD00052,2023-10-19,Houston,Miami,388.69,Air,994.22,Delivered,4.0
ORD00053,2023-06-26,Phoenix,Seattle,470.05,Air,1587.89,Delivered,3.0
ORD00054,2023-04-21,Houston,Denver,447.94,Train,1387.52,Delivered,5.0
ORD00055,2023-08-11,New York,Boston,300.96,Air,1052.12,Cancelled,5.0
ORD00056,2023-02-27,Los Angeles,Seattle,461.33,Truck,1015.58,In Transit,5.0
ORD00057,2023-05-08,Phoenix,Seattle,48.8,Truck,148.08,Delivered,4.0
ORD00058,2023-10-08,New York,Miami,102.01,Air,235.02,Delivered,4.0
ORD00059,2023-04-04,Chicago,Atlanta,27.39,Van,67.37,Delivered,5.0
ORD00060,2023-03-21,Chicago,Boston,166.04,Train,457.44,In Transit,4.0
ORD00061,2023-05-01,Los Angeles,Miami,197.4,Truck,641.03,Delivered,2.0
ORD00062,2023-12-10,Chicago,Miami,139.32,Van,483.19,Delivered,4.0
ORD00063,2023-07-18,Los Angeles,Miami,415.23,Van,1260.87,In Transit,5.0
ORD00064,2023-12-08,Houston,Seattle,181.59,Van,424.11,In Transit,4.0
ORD00065,2023-12-19,Chicago,Atlanta,144.06,Air,337.49,Delivered,2.0
ORD00066,2023-12-19,Houston,Seattle,273.63,Van,814.09,Delivered,
ORD00067,2023-12-24,Los Angeles,Boston,74.76,Truck,147.84,In Transit,4.0
ORD00068,2023-09-02,Los Angeles,Seattle,402.09,Air,691.98,Delivered,4.0
ORD00069,2023-01-01,New York,Denver,41.9,Train,92.57,Delivered,3.0
ORD00070,2023-07-27,Los Angeles,Seattle,493.51,Truck,1023.78,In Transit,4.0
ORD00071,2023-08-05,Houston,Seattle,387.26,Train,810.39,Delivered,5.0
ORD00072,2023-06-26,Los Angeles,Boston,103.36,Van,203.33,Delivered,4.0
ORD00073,2023-01-17,Phoenix,Boston,7.73,Air,12.25,Delivered,4.0
ORD00074,2023-11-24,Houston,Denver,408.65,Van,627.58,In Transit,5.0
ORD00075,2023-02-17,Phoenix,Boston,354.89,Truck,1233.4,Delayed,5.0
ORD00076,2023-04-15,Houston,Denver,365.86,Air,861.8,Delayed,5.0
ORD00077,2023-04-01,Phoenix,Seattle,386.78,Van,877.47,Delivered,4.0
ORD00078,2023-09-30,New York,Denver,41.65,Van,119.09,Delayed,4.0
ORD00079,2023-01-05,Houston,Seattle,182.44,Air,353.3,Delivered,5.0
ORD00080,2023-04-06,Los Angeles,Denver,62.36,Train,212.02,In Transit,
ORD00081,2023-02-10,Los Angeles,Denver,432.24,Air,1328.14,Delayed,1.0
ORD00082,2023-08-03,New York,Atlanta,313.53,Train,526.36,Delivered,2.0
ORD00083,2023-11-21,Houston,Denver,168.79,Air,394.15,Delivered,4.0
ORD00084,2023-05-05,New York,Atlanta,36.46,Train,118.8,In Transit,5.0
ORD00085,2023-09-05,Phoenix,Seattle,158.94,Truck,538.72,Delivered,4.0
ORD00086,2023-04-18,Phoenix,Denver,165.97,Train,404.1,Delivered,4.0
ORD00087,2023-10-09,Los Angeles,Boston,366.16,Van,998.45,Delivered,3.0
ORD00088,2023-12-20,New York,Miami,320.59,Air,587.98,Delivered,5.0
ORD00089,2023-11-24,Houston,Denver,444.17,Air,1546.75,Delayed,5.0
ORD00090,2023-08-16,New York,Miami,238.75,Truck,468.75,In Transit,4.0
ORD00091,2023-12-06,Houston,Miami,64.2,Train,217.35,Delivered,5.0
ORD00092,2023-03-05,Chicago,Seattle,358.06,Air,1002.31,Delivered,5.0
ORD00093,2023-06-11,Los Angeles,Denver,381.59,Train,1036.2,Delivered,4.0
ORD00094,2023-12-30,Chicago,Seattle,282.83,Air,714.25,Delivered,4.0
ORD00095,2023-01-15,Los Angeles,Denver,386.63,Train,758.31,Delivered,4.0
ORD00096,2023-07-17,New York,Atlanta,249.43,Truck,462.21,Delivered,5.0
ORD00097,2023-11-22,Phoenix,Denver,263.75,Truck,511.93,Delivered,4.0
ORD00098,2023-06-12,Phoenix,Atlanta,216.63,Air,405.72,Delayed,5.0
ORD00099,2023-11-02,Chicago,Miami,17.58,Air,53.78,Delivered,5.0
ORD00100,2023-10-17,Los Angeles,Boston,58.41,Air,128.52,Delivered,4.0
ORD00101,2023-05-03,New York,Seattle,20.56,Air,33.22,Delivered,5.0
ORD00102,2023-07-07,Los Angeles,Boston,320.02,Truck,1100.29,Delivered,4.0
ORD00103,2023-07-22,Phoenix,Denver,160.61,Van,524.8,Cancelled,3.0
ORD00104,2023-08-06,New York,Atlanta,256.74,Truck,861.49,Delivered,5.0
ORD00105,2023-07-20,Phoenix,Boston,454.25,Train,1585.25,In Transit,
ORD00106,2023-09-17,New York,Boston,128.4,Train,237.26,Cancelled,4.0
ORD00107,2023-04-02,Los Angeles,Miami,208.14,Train,477.16,Delivered,
ORD00108,2023-01-19,New York,Miami,379.0,Truck,1143.24,Delayed,5.0
ORD00109,2023-04-24,Los Angeles,Atlanta,118.26,Train,342.01,Delayed,4.0
ORD00110,2023-11-08,New York,Denver,43.11,Air,77.93,Delivered,5.0
ORD00111,2023-03-24,Houston,Atlanta,148.43,Truck,464.83,In Transit,3.0
ORD00112,2023-07-12,Chicago,Miami,84.8,Truck,165.27,Delivered,4.0
ORD00113,2023-01-26,Los Angeles,Denver,465.2,Train,906.04,Delivered,3.0
ORD00114,2023-04-07,Los Angeles,Seattle,405.02,Air,,In Transit,5.0
ORD00115,2023-11-05,New York,Boston,318.53,Train,855.53,Delivered,5.0
ORD00116,2023-07-22,Chicago,Atlanta,436.37,Train,1160.82,Delayed,3.0
ORD00117,2023-10-09,Los Angeles,Boston,402.82,Truck,677.94,In Transit,4.0
ORD00118,2023-04-14,Phoenix,Atlanta,97.35,Train,316.87,Delivered,5.0
ORD00119,2023-06-09,Los Angeles,Denver,446.82,Van,907.58,In Transit,2.0
ORD00120,2023-09-25,Houston,Boston,271.97,Van,478.4,Delivered,5.0
ORD00121,2023-01-21,Los Angeles,Miami,404.68,Truck,1326.34,Delivered,5.0
ORD00122,2023-07-25,Phoenix,Boston,448.57,Truck,1530.21,Delayed,4.0
ORD00123,2023-07-31,Phoenix,Atlanta,162.41,Van,523.65,Delivered,5.0
ORD00124,2023-06-22,Phoenix,Miami,59.48,Train,185.52,Delivered,4.0
ORD00125,2023-10-26,Chicago,Atlanta,117.83,Truck,331.16,Delivered,5.0
ORD00126,2023-09-13,New York,Miami,216.42,Van,563.06,Delivered,5.0
ORD00127,2023-08-25,Phoenix,Miami,409.92,Air,686.2,Delayed,5.0
ORD00128,2023-03-24,Houston,Denver,431.06,Van,998.73,Delivered,3.0
ORD00129,2023-08-03,Phoenix,Boston,8.44,Truck,18.95,Delivered,5.0
ORD00130,2023-10-08,Houston,Atlanta,257.82,Truck,520.67,Delivered,4.0
ORD00131,2023-08-14,New York,Boston,211.62,Truck,623.61,Delivered,3.0
ORD00132,2023-06-11,Phoenix,Denver,114.94,Train,286.4,Delivered,1.0
ORD00133,2023-04-09,New York,Atlanta,64.33,Truck,106.92,In Transit,4.0
ORD00134,2023-12-31,Los Angeles,Atlanta,172.12,Air,333.98,Delivered,4.0
ORD00135,2023-11-10,Phoenix,Boston,471.74,Truck,1352.25,Delivered,5.0
ORD00136,2023-03-20,Los Angeles,Atlanta,164.99,Train,272.61,Delivered,5.0
ORD00137,2023-04-19,New York,Atlanta,261.8,Truck,838.39,Delivered,2.0
ORD00138,2023-04-21,Chicago,Seattle,352.99,Train,879.05,Delivered,5.0
ORD00139,2023-04-01,Chicago,Atlanta,185.0,Truck,455.32,Delivered,3.0
ORD00140,2023-09-16,New York,Atlanta,486.03,Air,1304.9,Delivered,5.0
ORD00141,2023-10-30,Chicago,Denver,481.41,Truck,1516.13,Cancelled,5.0
ORD00142,2023-12-09,New York,Denver,129.63,Air,284.62,Delivered,4.0
ORD00143,2023-08-21,Los Angeles,Miami,251.14,Van,717.26,Delivered,5.0
ORD00144,2023-02-19,New York,Atlanta,153.93,Van,405.06,Delivered,4.0
ORD00145,2023-04-05,Phoenix,Atlanta,146.0,Van,296.97,Delivered,4.0
ORD00146,2023-07-30,Chicago,Denver,23.26,Van,75.76,Delivered,5.0
ORD00147,2023-06-11,Phoenix,Miami,306.73,Van,949.28,Delayed,4.0
ORD00148,2023-01-30,New York,Miami,253.83,Truck,715.01,Delayed,4.0
ORD00149,2023-01-15,Phoenix,Boston,30.48,Train,97.57,Delayed,4.0
ORD00150,2023-12-30,Phoenix,Boston,142.93,Truck,462.32,In Transit,5.0
ORD00151,2023-05-27,Los Angeles,Atlanta,454.59,Van,1325.91,Delivered,4.0
ORD00152,2023-12-07,New York,Denver,123.58,Truck,392.25,Cancelled,3.0
ORD00153,2023-02-28,Houston,Seattle,76.72,Van,222.1,Delivered,5.0
ORD00154,2023-01-11,New York,Seattle,247.28,Air,707.29,Cancelled,5.0
ORD00155,2023-10-20,Chicago,Denver,492.9,Air,1349.18,Delivered,3.0
ORD00156,2023-02-10,Houston,Miami,124.82,Van,375.14,In Transit,4.0
ORD00157,2023-09-26,New York,Denver,337.71,Air,613.69,Cancelled,3.0
ORD00158,2023-04-13,Los Angeles,Seattle,382.0,Air,1245.99,In Transit,4.0
ORD00159,2023-04-18,Houston,Miami,122.63,Air,397.77,Delivered,4.0
ORD00160,2023-05-11,Los Angeles,Denver,365.47,Train,569.58,Delivered,5.0
ORD00161,2023-10-15,New York,Miami,187.05,Air,589.51,Delivered,5.0
ORD00162,2023-08-04,Chicago,Miami,317.99,Truck,558.94,Delivered,5.0
ORD00163,2023-09-19,Houston,Seattle,318.6,Van,691.44,Delivered,4.0
ORD00164,2023-05-29,Phoenix,Boston,270.21,Truck,807.12,Delivered,5.0
ORD00165,2023-06-27,Phoenix,Boston,49.69,Van,90.51,Delivered,4.0
ORD00166,2023-12-27,Phoenix,Atlanta,418.47,Air,1312.29,Delivered,5.0
ORD00167,2023-12-30,Houston,Boston,163.79,Truck,518.28,Delivered,5.0
ORD00168,2023-01-31,New York,Seattle,97.33,Truck,244.78,Delayed,3.0
ORD00169,2023-06-14,Chicago,Seattle,25.18,Van,38.09,Cancelled,
ORD00170,2023-07-23,Los Angeles,Seattle,297.49,Air,617.02,Delayed,4.0
ORD00171,2023-12-02,Phoenix,Boston,340.39,Train,930.58,Delivered,5.0
ORD00172,2023-06-15,Phoenix,Atlanta,13.21,Train,45.74,Delivered,2.0
ORD00173,2023-08-05,Los Angeles,Boston,258.49,Train,714.37,Delivered,3.0
ORD00174,2023-07-09,Houston,Atlanta,117.12,Van,236.54,Cancelled,5.0
ORD00175,2023-01-24,New York,Boston,324.36,Train,897.83,Delivered,4.0
ORD00176,2023-01-12,New York,Miami,91.31,Van,235.58,In Transit,5.0
ORD00177,2023-01-27,Chicago,Denver,347.01,Train,1061.74,Delivered,4.0
ORD00178,2023-06-12,Houston,Miami,196.43,Train,336.67,Delayed,5.0
ORD00179,2023-08-20,Los Angeles,Seattle,468.68,Truck,1416.38,Delivered,5.0
ORD00180,2023-10-03,Phoenix,Seattle,73.07,Van,188.71,Delivered,4.0
ORD00181,2023-08-05,Houston,Denver,173.83,Van,595.54,Delayed,4.0
ORD00182,2023-05-11,Phoenix,Denver,61.17,Van,133.58,Delivered,4.0
ORD00183,2023-08-23,Chicago,Miami,462.72,Air,1279.53,In Transit,1.0
ORD00184,2023-07-23,Phoenix,Seattle,439.28,Train,1477.76,Delivered,4.0
ORD00185,2023-02-09,Houston,Denver,132.68,Truck,226.22,Delivered,5.0
ORD00186,2023-03-02,Houston,Seattle,331.69,Truck,1119.27,Delivered,5.0
ORD00187,2023-06-20,Phoenix,Denver,409.52,Van,1177.69,In Transit,5.0
ORD00188,2023-03-31,Chicago,Boston,279.82,Train,457.69,In Transit,5.0
ORD00189,2023-01-04,Los Angeles,Atlanta,267.18,Air,561.59,Delivered,5.0
ORD00190,2023-06-18,Phoenix,Seattle,124.72,Air,363.73,Delivered,5.0
ORD00191,2023-11-01,Houston,Seattle,51.09,Train,83.52,Delivered,4.0
ORD00192,2023-02-07,New York,Boston,449.12,Air,1196.61,Cancelled,5.0
ORD00193,2023-02-06,Houston,Boston,450.71,Air,987.85,Delivered,5.0
ORD00194,2023-10-25,Houston,Denver,318.39,Train,872.97,Delivered,4.0
ORD00195,2023-01-22,Chicago,Denver,172.82,Train,275.04,Delivered,3.0
ORD00196,2023-08-12,Phoenix,Seattle,177.86,Train,,In Transit,4.0
ORD00197,2023-11-12,New York,Atlanta,364.35,Air,1255.91,In Transit,4.0
ORD00198,2023-06-27,Chicago,Seattle,449.07,Van,1543.79,Delivered,5.0
ORD00199,2023-06-13,Chicago,Boston,444.11,Truck,1332.02,Delayed,4.0
ORD00200,2023-09-06,New York,Miami,391.04,Train,688.3,Delivered,
ORD00201,2023-07-21,Los Angeles,Seattle,322.81,Train,973.76,Delivered,5.0
ORD00202,2023-11-04,Los Angeles,Denver,46.65,Van,72.27,Cancelled,3.0
ORD00203,2023-06-21,Phoenix,Boston,85.01,Truck,131.28,Delivered,4.0
ORD00204,2023-05-24,Los Angeles,Miami,449.78,Van,965.78,Delivered,1.0
ORD00205,2023-08-22,Los Angeles,Atlanta,305.18,Truck,756.02,Delivered,5.0
ORD00206,2023-08-25,Phoenix,Boston,9.55,Van,29.04,Delivered,5.0
ORD00207,2023-01-02,Chicago,Miami,55.23,Air,158.32,Delayed,4.0
ORD00208,2023-11-24,Chicago,Boston,333.43,Truck,797.5,In Transit,5.0
ORD00209,2023-03-15,New York,Atlanta,7.51,Truck,15.37,Delivered,4.0
ORD00210,2023-06-06,Chicago,Seattle,84.6,Train,295.61,Delivered,5.0
ORD00211,2023-10-25,New York,Seattle,276.62,Truck,650.71,Delivered,5.0
ORD00212,2023-10-10,New York,Atlanta,347.49,Air,834.94,In Transit,5.0
ORD00213,2023-08-23,Phoenix,Miami,327.72,Van,598.83,Delivered,1.0
ORD00214,2023-01-21,Houston,Atlanta,116.01,Van,358.43,Delayed,5.0
ORD00215,2023-06-05,Phoenix,Miami,357.53,Van,1032.32,Delivered,5.0
ORD00216,2023-01-07,Phoenix,Seattle,122.44,Train,237.72,Delayed,4.0
ORD00217,2023-01-31,Los Angeles,Boston,166.07,Truck,276.47,In Transit,5.0
ORD00218,2023-07-02,Chicago,Atlanta,374.51,Van,1071.47,In Transit,4.0
ORD00219,2023-06-05,New York,Denver,326.57,Air,917.34,Delivered,5.0
ORD00220,2023-03-30,New York,Atlanta,425.37,Truck,870.53,Delivered,3.0
ORD00221,2023-09-24,Houston,Miami,330.52,Truck,1124.34,Delivered,5.0
ORD00222,2023-03-06,Chicago,Boston,286.31,Air,515.96,Delivered,4.0
ORD00223,2023-10-10,Chicago,Seattle,51.37,Truck,121.47,In Transit,2.0
ORD00224,2023-12-18,New York,Miami,187.02,Van,633.48,Delivered,4.0
ORD00225,2023-07-19,Houston,Boston,136.28,Truck,318.82,Delivered,
ORD00226,2023-11-13,Chicago,Miami,125.77,Truck,349.27,Delivered,4.0
ORD00227,2023-08-23,New York,Seattle,486.64,Truck,1116.93,Delivered,4.0
ORD00228,2023-02-27,Chicago,Atlanta,199.58,Air,408.83,Delivered,4.0
ORD00229,2023-08-30,Los Angeles,Denver,446.56,Train,,Delivered,4.0
ORD00230,2023-05-13,Phoenix,Denver,317.41,Van,735.97,Delivered,4.0
ORD00231,2023-06-01,Houston,Seattle,398.43,Van,1310.12,Delivered,5.0
ORD00232,2023-08-16,Chicago,Miami,253.81,Truck,497.44,Delivered,1.0
ORD00233,2023-11-25,New York,Boston,290.57,Train,559.7,Delayed,
ORD00234,2023-10-16,Chicago,Atlanta,248.8,Van,388.69,Delivered,5.0
ORD00235,2023-02-22,Phoenix,Atlanta,101.65,Van,,Delivered,5.0
ORD00236,2023-04-19,New York,Atlanta,362.61,Train,811.18,Delivered,4.0
ORD00237,2023-05-05,Houston,Denver,143.98,Van,464.87,Delivered,5.0
ORD00238,2023-09-19,Los Angeles,Atlanta,17.04,Air,41.69,Delivered,3.0
ORD00239,2023-08-16,Houston,Atlanta,324.51,Air,1115.14,Delivered,2.0
ORD00240,2023-01-11,Los Angeles,Miami,92.67,Truck,173.39,Delivered,4.0
ORD00241,2023-04-10,Phoenix,Seattle,470.53,Van,1523.22,Delivered,5.0
ORD00242,2023-04-28,Chicago,Denver,477.19,Air,1456.95,Cancelled,1.0
ORD00243,2023-09-08,New York,Denver,457.86,Van,1392.74,Delivered,
ORD00244,2023-01-13,New York,Miami,188.23,Van,600.37,Cancelled,5.0
ORD00245,2023-02-22,Los Angeles,Seattle,12.65,Truck,38.23,Cancelled,5.0
ORD00246,2023-10-30,Phoenix,Denver,464.52,Train,1278.56,Delivered,4.0
ORD00247,2023-03-16,New York,Denver,216.95,Air,382.37,In Transit,2.0
ORD00248,2023-02-10,Phoenix,Atlanta,483.49,Train,756.69,Delivered,5.0
ORD00249,2023-08-14,Phoenix,Boston,481.99,Air,1610.66,In Transit,4.0
ORD00250,2023-11-07,Los Angeles,Seattle,427.24,Air,1167.78,In Transit,3.0
ORD00251,2023-07-17,Houston,Boston,150.75,Van,466.28,Delivered,2.0
ORD00252,2023-05-15,Phoenix,Atlanta,195.62,Air,481.82,In Transit,5.0
ORD00253,2023-12-29,New York,Seattle,426.31,Air,739.48,Delivered,5.0
ORD00254,2023-12-15,Phoenix,Denver,161.88,Truck,283.35,Delivered,5.0
ORD00255,2023-09-05,Chicago,Seattle,88.9,Train,255.24,Delivered,5.0
ORD00256,2023-03-30,Los Angeles,Denver,280.62,Air,662.43,Cancelled,4.0
ORD00257,2023-09-21,New York,Boston,468.4,Air,890.45,Delivered,4.0
ORD00258,2023-11-05,Chicago,Seattle,349.53,Train,867.95,Delivered,4.0
ORD00259,2023-07-27,Los Angeles,Miami,287.18,Air,467.65,Delivered,4.0
ORD00260,2023-02-14,Phoenix,Seattle,53.1,Air,141.46,Delivered,4.0
ORD00261,2023-03-02,Houston,Seattle,309.43,Van,630.61,Cancelled,5.0
ORD00262,2023-04-10,Chicago,Seattle,495.08,Truck,1532.33,In Transit,5.0
ORD00263,2023-02-17,Houston,Seattle,74.34,Train,157.65,Delivered,5.0
ORD00264,2023-04-19,Chicago,Miami,261.57,Van,630.5,In Transit,4.0
ORD00265,2023-02-08,Phoenix,Denver,439.3,Van,669.16,Delivered,5.0
ORD00266,2023-11-03,Los Angeles,Miami,371.68,Truck,611.37,Delivered,5.0
ORD00267,2023-08-12,Los Angeles,Seattle,350.02,Air,799.79,Delivered,4.0
ORD00268,2023-09-14,Phoenix,Atlanta,352.73,Van,867.67,Delivered,5.0
ORD00269,2023-07-20,New York,Boston,182.95,Truck,493.97,Delivered,4.0
ORD00270,2023-07-18,Phoenix,Atlanta,150.33,Van,313.19,Delivered,4.0
ORD00271,2023-12-27,Phoenix,Seattle,405.63,Air,1172.26,Delivered,3.0
ORD00272,2023-04-29,Phoenix,Boston,406.01,Van,1307.45,Delayed,4.0
ORD00273,2023-10-04,Los Angeles,Denver,434.2,Air,1328.52,In Transit,4.0
ORD00274,2023-04-19,New York,Denver,457.05,Truck,721.79,Delivered,
ORD00275,2023-01-30,Phoenix,Denver,258.11,Truck,635.21,In Transit,5.0
ORD00276,2023-12-08,Chicago,Denver,253.25,Train,433.02,Delivered,5.0
ORD00277,2023-09-22,Phoenix,Miami,400.16,Air,,Delivered,5.0
ORD00278,2023-06-07,Los Angeles,Boston,326.73,Train,1134.84,Delivered,4.0
ORD00279,2023-09-12,Los Angeles,Atlanta,352.47,Van,629.16,Delivered,5.0
ORD00280,2023-11-15,Chicago,Denver,398.92,Truck,996.41,In Transit,
ORD00281,2023-10-30,New York,Atlanta,445.55,Van,1219.16,Delivered,4.0
ORD00282,2023-03-16,New York,Atlanta,172.31,Train,500.55,Delivered,4.0
ORD00283,2023-04-29,Chicago,Denver,190.91,Truck,500.05,Delivered,4.0
ORD00284,2023-01-22,Houston,Seattle,51.52,Truck,78.29,Delivered,1.0
ORD00285,2023-03-15,Phoenix,Seattle,291.25,Truck,627.04,Delivered,3.0
ORD00286,2023-06-02,Phoenix,Seattle,22.79,Van,57.78,Delivered,4.0
ORD00287,2023-08-21,Chicago,Atlanta,235.47,Truck,394.58,Delivered,5.0
ORD00288,2023-11-14,Chicago,Seattle,273.61,Train,602.29,In Transit,4.0
ORD00289,2023-12-24,Chicago,Atlanta,146.84,Truck,230.01,In Transit,4.0
ORD00290,2023-08-14,Houston,Denver,297.46,Train,492.94,Delivered,3.0
ORD00291,2023-03-26,New York,Atlanta,20.1,Air,46.11,Delayed,5.0
ORD00292,2023-03-16,Phoenix,Atlanta,23.49,Truck,41.47,Delivered,4.0
ORD00293,2023-11-25,New York,Boston,412.19,Train,1086.15,Delivered,4.0
ORD00294,2023-02-11,Los Angeles,Denver,183.29,Van,527.68,Delivered,4.0
ORD00295,2023-02-02,Houston,Miami,67.89,Air,210.54,In Transit,1.0
ORD00296,2023-12-12,Los Angeles,Seattle,263.51,Train,500.75,In Transit,1.0
ORD00297,2023-06-09,Phoenix,Denver,386.15,Truck,708.57,Delivered,4.0
ORD00298,2023-06-05,Chicago,Atlanta,111.83,Air,191.13,Delivered,1.0
ORD00299,2023-10-03,Phoenix,Denver,313.33,Truck,868.82,Delivered,3.0
ORD00300,2023-08-13,Chicago,Miami,47.25,Train,137.64,Delivered,4.0
ORD00301,2023-03-28,Phoenix,Boston,30.58,Air,47.8,Delivered,5.0
ORD00302,2023-10-19,Houston,Seattle,268.02,Truck,903.88,Delivered,4.0
ORD00303,2023-10-31,Phoenix,Atlanta,272.61,Train,437.25,Delivered,4.0
ORD00304,2023-04-06,Houston,Miami,320.53,Air,827.8,Delivered,4.0
ORD00305,2023-08-05,Phoenix,Denver,364.42,Van,1063.42,Delivered,5.0
ORD00306,2023-01-20,Phoenix,Seattle,488.05,Van,1582.23,Delivered,
ORD00307,2023-01-01,Chicago,Miami,260.57,Truck,762.99,Delivered,2.0
ORD00308,2023-10-23,Phoenix,Seattle,164.86,Air,511.64,Delivered,5.0
ORD00309,2023-09-08,Los Angeles,Seattle,398.62,Air,868.55,Delayed,3.0
ORD00310,2023-12-30,New York,Miami,139.06,Air,435.21,Delivered,4.0
ORD00311,2023-01-13,Los Angeles,Atlanta,222.29,Van,369.05,Delivered,4.0
ORD00312,2023-08-10,Houston,Atlanta,43.84,Van,144.22,In Transit,5.0
ORD00313,2023-09-15,New York,Atlanta,17.55,Train,45.55,Delivered,4.0
ORD00314,2023-11-01,Houston,Atlanta,481.51,Truck,1509.34,Delivered,5.0
ORD00315,2023-06-26,Phoenix,Miami,418.81,Van,1007.09,Delivered,5.0
ORD00316,2023-08-04,Los Angeles,Denver,349.51,Train,974.14,In Transit,3.0
ORD00317,2023-03-24,Phoenix,Denver,207.43,Truck,529.53,In Transit,4.0
ORD00318,2023-08-18,New York,Atlanta,90.78,Train,269.0,Delivered,4.0
ORD00319,2023-05-14,Los Angeles,Seattle,82.44,Truck,137.12,Delivered,4.0
ORD00320,2023-08-29,Houston,Atlanta,128.87,Van,208.86,Delivered,4.0
ORD00321,2023-03-26,Los Angeles,Denver,276.87,Van,552.14,Delivered,5.0
ORD00322,2023-09-07,Houston,Denver,358.72,Van,652.54,Delivered,5.0
ORD00323,2023-01-19,New York,Denver,331.8,Air,1076.22,Delivered,5.0
ORD00324,2023-06-19,Phoenix,Seattle,143.57,Train,278.3,Delivered,4.0
ORD00325,2023-06-06,Los Angeles,Miami,477.66,Truck,1648.75,Delayed,5.0
ORD00326,2023-06-28,Los Angeles,Miami,370.26,Air,804.87,Delivered,5.0
ORD00327,2023-12-23,Houston,Seattle,279.41,Train,520.89,Delayed,
ORD00328,2023-01-14,Phoenix,Miami,307.8,Truck,947.84,In Transit,1.0
ORD00329,2023-03-16,Los Angeles,Seattle,212.7,Truck,599.26,Delivered,5.0
ORD00330,2023-11-29,Phoenix,Denver,127.63,Air,318.61,Delivered,2.0
ORD00331,2023-09-02,Houston,Boston,181.21,Truck,473.09,Delivered,4.0
ORD00332,2023-12-07,New York,Miami,380.13,Van,1116.98,Delivered,2.0
ORD00333,2023-11-17,Chicago,Miami,12.12,Air,23.72,Delivered,5.0
ORD00334,2023-11-18,Los Angeles,Boston,62.46,Truck,218.15,Delivered,5.0
ORD00335,2023-11-14,Phoenix,Seattle,27.77,Air,95.8,Delivered,3.0
ORD00336,2023-08-26,Chicago,Atlanta,25.16,Truck,70.46,Cancelled,4.0
ORD00337,2023-09-25,Los Angeles,Seattle,428.45,Truck,813.66,In Transit,4.0
ORD00338,2023-05-09,New York,Miami,353.31,Train,1010.63,Delivered,4.0
ORD00339,2023-01-04,Chicago,Seattle,239.72,Van,394.19,Delivered,3.0
ORD00340,2023-11-24,Phoenix,Denver,53.43,Truck,83.42,Delivered,4.0
ORD00341,2023-11-29,Houston,Boston,248.35,Van,500.52,Delivered,5.0
ORD00342,2023-05-09,Los Angeles,Boston,239.37,Truck,580.53,Delivered,2.0
ORD00343,2023-09-06,Los Angeles,Miami,90.73,Truck,293.65,In Transit,2.0
ORD00344,2023-09-16,Chicago,Miami,219.76,Air,649.25,Delivered,4.0
ORD00345,2023-07-03,Chicago,Boston,202.26,Van,603.83,Delivered,5.0
ORD00346,2023-04-18,Los Angeles,Atlanta,309.85,Air,728.45,Delayed,5.0
ORD00347,2023-05-09,Los Angeles,Miami,319.37,Van,700.02,Delivered,5.0
ORD00348,2023-12-19,Chicago,Denver,27.43,Air,61.5,Delivered,4.0
ORD00349,2023-08-04,Houston,Atlanta,190.43,Van,661.8,Delayed,4.0
ORD00350,2023-12-22,Phoenix,Miami,314.8,Truck,497.45,In Transit,1.0
ORD00351,2023-12-13,Houston,Denver,254.05,Train,821.61,Delivered,5.0
ORD00352,2023-02-05,Phoenix,Seattle,428.96,Train,1139.9,Delayed,5.0
ORD00353,2023-06-02,Chicago,Denver,331.05,Train,786.98,Delivered,5.0
ORD00354,2023-10-13,Houston,Atlanta,85.65,Air,,Delivered,5.0
ORD00355,2023-05-16,New York,Miami,39.93,Train,98.76,In Transit,5.0
ORD00356,2023-09-03,New York,Seattle,323.0,Air,1048.73,In Transit,3.0
ORD00357,2023-11-18,Houston,Atlanta,18.12,Van,59.82,In Transit,5.0
ORD00358,2023-12-30,Houston,Seattle,294.96,Air,,Delivered,2.0
ORD00359,2023-09-15,Houston,Denver,470.41,Van,966.06,Delivered,4.0
ORD00360,2023-06-14,New York,Seattle,289.86,Van,778.19,Delivered,3.0
ORD00361,2023-07-05,Chicago,Atlanta,197.14,Air,655.44,Delayed,1.0
ORD00362,2023-01-17,Chicago,Miami,323.43,Truck,621.41,Delivered,4.0
ORD00363,2023-01-12,Chicago,Denver,231.84,Train,636.62,Delivered,4.0
ORD00364,2023-12-10,Chicago,Seattle,275.08,Truck,760.08,Delivered,4.0
ORD00365,2023-09-27,Los Angeles,Boston,471.03,Truck,1397.18,Delivered,4.0
ORD00366,2023-12-23,Chicago,Boston,196.12,Train,345.79,Delivered,1.0
ORD00367,2023-01-20,Houston,Boston,480.79,Air,1409.51,Delivered,3.0
ORD00368,2023-04-27,Phoenix,Atlanta,453.15,Truck,1503.58,Delivered,4.0
ORD00369,2023-04-04,New York,Denver,101.92,Air,189.51,Delivered,4.0
ORD00370,2023-10-10,Chicago,Seattle,39.33,Van,77.68,Delivered,5.0
ORD00371,2023-06-29,Phoenix,Seattle,54.89,Van,188.97,Delivered,5.0
ORD00372,2023-08-18,Chicago,Miami,14.02,Truck,26.1,Cancelled,5.0
ORD00373,2023-04-29,Houston,Denver,51.75,Train,166.05,In Transit,5.0
ORD00374,2023-03-20,New York,Miami,343.09,Truck,852.43,Delivered,4.0
ORD00375,2023-09-12,Houston,Seattle,40.24,Air,80.26,Delivered,5.0
ORD00376,2023-12-03,New York,Seattle,162.89,Truck,528.01,Delivered,4.0
ORD00377,2023-12-08,Houston,Miami,423.21,Truck,,Delivered,4.0
ORD00378,2023-06-24,New York,Denver,16.52,Air,41.79,Delivered,5.0
ORD00379,2023-10-20,Houston,Boston,408.16,Air,905.49,Delivered,4.0
ORD00380,2023-07-26,New York,Miami,144.52,Van,388.17,Delivered,5.0
ORD00381,2023-06-15,Chicago,Denver,63.49,Van,116.0,Delivered,5.0
ORD00382,2023-10-15,New York,Seattle,349.88,Van,798.48,Cancelled,5.0
ORD00383,2023-05-24,Phoenix,Seattle,316.33,Truck,1087.8,In Transit,5.0
ORD00384,2023-09-10,Chicago,Denver,439.35,Air,885.85,Delivered,4.0
ORD00385,2023-07-06,Houston,Boston,368.86,Train,1037.78,Delivered,4.0
ORD00386,2023-01-08,New York,Denver,402.72,Truck,866.0,Delivered,4.0
ORD00387,2023-11-18,Phoenix,Miami,144.61,Train,440.62,Delivered,4.0
ORD00388,2023-08-26,Los Angeles,Miami,92.83,Train,163.54,Delivered,5.0
ORD00389,2023-09-02,Houston,Seattle,376.55,Truck,1295.2,Delivered,5.0
ORD00390,2023-06-22,Chicago,Miami,404.38,Truck,973.58,Delivered,5.0
ORD00391,2023-05-02,Chicago,Miami,495.3,Truck,976.78,Delivered,4.0
ORD00392,2024-01-01,New York,Atlanta,209.25,Train,344.63,Delivered,3.0
ORD00393,2023-05-05,Phoenix,Miami,189.15,Truck,347.94,Delivered,4.0
ORD00394,2023-12-24,New York,Miami,389.32,Van,988.7,Delivered,3.0
ORD00395,2023-03-25,Los Angeles,Boston,173.7,Air,377.62,Delivered,5.0
ORD00396,2023-10-13,New York,Seattle,465.72,Van,1470.64,Delivered,4.0
ORD00397,2023-10-12,New York,Atlanta,429.91,Van,1015.35,Cancelled,3.0
ORD00398,2023-03-03,Los Angeles,Seattle,217.35,Van,434.14,In Transit,1.0
ORD00399,2023-02-04,Houston,Boston,376.68,Air,1029.95,Delivered,5.0
ORD00400,2023-05-15,Phoenix,Seattle,378.5,Van,1102.78,In Transit,5.0
ORD00401,2023-05-14,New York,Miami,56.05,Train,102.8,Cancelled,4.0
ORD00402,2023-09-11,Houston,Boston,451.76,Truck,829.09,In Transit,2.0
ORD00403,2023-06-07,New York,Seattle,255.1,Train,401.36,Delivered,4.0
ORD00404,2023-09-02,Phoenix,Seattle,414.1,Van,1231.04,Delayed,4.0
ORD00405,2023-04-28,Los Angeles,Denver,163.42,Air,462.09,Delivered,5.0
ORD00406,2023-11-17,Los Angeles,Seattle,448.28,Truck,1097.96,Delivered,5.0
ORD00407,2023-01-05,New York,Atlanta,197.65,Truck,630.18,Delivered,4.0
ORD00408,2023-01-04,Chicago,Boston,10.36,Truck,32.23,Delayed,4.0
ORD00409,2023-10-18,Phoenix,Atlanta,453.16,Train,1210.26,Delivered,5.0
ORD00410,2023-11-30,Houston,Denver,50.19,Van,162.44,In Transit,4.0
ORD00411,2023-09-14,New York,Denver,163.06,Van,311.72,Delivered,5.0
ORD00412,2023-10-28,New York,Denver,475.28,Van,819.31,Delivered,3.0
ORD00413,2023-10-06,New York,Miami,475.55,Truck,969.88,In Transit,4.0
ORD00414,2023-07-28,Los Angeles,Atlanta,288.85,Train,466.25,Delivered,1.0
ORD00415,2023-04-18,Houston,Atlanta,317.76,Van,814.21,Delivered,
ORD00416,2023-11-28,Los Angeles,Atlanta,226.98,Air,765.65,Delivered,5.0
ORD00417,2023-01-02,Houston,Miami,150.14,Air,237.02,Delivered,4.0
ORD00418,2023-09-22,New York,Miami,167.69,Van,292.49,In Transit,1.0
ORD00419,2023-01-16,Phoenix,Atlanta,337.9,Train,812.45,Delivered,1.0
ORD00420,2023-01-09,Chicago,Seattle,377.43,Truck,1271.09,Delivered,4.0
ORD00421,2023-11-13,Houston,Miami,396.83,Truck,846.17,In Transit,
ORD00422,2023-04-13,Los Angeles,Atlanta,395.86,Van,995.38,Delivered,1.0
ORD00423,2023-11-02,Los Angeles,Miami,50.15,Truck,79.39,In Transit,5.0
ORD00424,2023-03-10,Chicago,Seattle,249.74,Truck,448.7,Delivered,4.0
ORD00425,2023-05-19,Los Angeles,Seattle,33.49,Van,116.32,Delivered,4.0
ORD00426,2023-12-22,Phoenix,Miami,277.02,Van,950.24,Delivered,5.0
ORD00427,2023-06-28,Chicago,Miami,223.56,Truck,337.55,Delivered,3.0
ORD00428,2023-07-23,Phoenix,Denver,444.41,Van,1512.6,Delivered,5.0
ORD00429,2023-11-10,Los Angeles,Seattle,178.7,Air,496.47,Delivered,4.0
ORD00430,2023-11-29,Chicago,Boston,62.95,Train,203.7,In Transit,5.0
ORD00431,2023-04-22,Los Angeles,Miami,75.78,Truck,182.59,Delivered,5.0
ORD00432,2023-02-10,Chicago,Boston,381.95,Train,966.79,Delivered,5.0
ORD00433,2023-07-14,Los Angeles,Boston,311.02,Air,770.61,Delivered,5.0
ORD00434,2023-08-16,Houston,Seattle,55.06,Train,156.03,Delivered,4.0
ORD00435,2023-07-10,Los Angeles,Atlanta,46.63,Train,82.97,Delivered,5.0
ORD00436,2023-03-10,Los Angeles,Miami,351.98,Truck,549.07,Delivered,4.0
ORD00437,2023-07-04,Chicago,Boston,41.02,Train,86.79,In Transit,4.0
ORD00438,2023-08-12,Los Angeles,Miami,411.82,Truck,1198.13,In Transit,4.0
ORD00439,2023-08-20,Houston,Denver,354.59,Van,675.04,Delivered,4.0
ORD00440,2023-08-08,Chicago,Boston,45.27,Van,128.88,Delayed,3.0
ORD00441,2023-09-10,New York,Seattle,46.99,Van,161.64,Delayed,
ORD00442,2023-07-16,New York,Seattle,493.39,Truck,832.74,Delivered,4.0
ORD00443,2023-03-23,New York,Atlanta,190.26,Truck,541.33,Delivered,5.0
ORD00444,2023-09-29,Los Angeles,Miami,188.47,Train,449.97,Delivered,5.0
ORD00445,2023-12-11,Houston,Boston,407.34,Air,1318.27,Delivered,4.0
ORD00446,2023-05-02,Houston,Denver,473.89,Air,878.73,Delivered,
ORD00447,2023-08-09,Los Angeles,Boston,493.07,Truck,1422.63,Delivered,4.0
ORD00448,2023-06-03,New York,Denver,377.92,Train,1200.36,Delivered,3.0
ORD00449,2023-12-11,Phoenix,Boston,191.25,Train,648.19,In Transit,2.0
ORD00450,2023-10-24,Phoenix,Boston,46.33,Train,132.8,Delayed,4.0
ORD00451,2023-09-27,Los Angeles,Boston,389.69,Air,972.02,Delivered,4.0
ORD00452,2023-01-29,Houston,Seattle,281.41,Train,769.85,Delivered,5.0
ORD00453,2023-02-15,Houston,Denver,214.99,Truck,696.1,Delivered,4.0
ORD00454,2023-11-24,Phoenix,Boston,453.65,Train,1198.19,Delivered,4.0
ORD00455,2023-06-26,Phoenix,Miami,60.04,Truck,93.71,Delivered,4.0
ORD00456,2023-11-06,Los Angeles,Boston,248.85,Van,836.61,Delivered,3.0
ORD00457,2023-03-21,Houston,Atlanta,10.62,Train,30.58,Delayed,4.0
ORD00458,2023-04-21,Houston,Atlanta,236.99,Train,676.14,Delivered,5.0
ORD00459,2023-01-19,Houston,Atlanta,32.87,Air,63.48,Delivered,4.0
ORD00460,2023-09-22,Phoenix,Seattle,63.81,Truck,179.8,Cancelled,4.0
ORD00461,2023-07-25,New York,Miami,63.18,Train,144.54,Delivered,
ORD00462,2023-01-08,Los Angeles,Miami,326.36,Air,914.61,Delayed,5.0
ORD00463,2023-05-14,Los Angeles,Denver,374.29,Train,641.23,Delivered,5.0
ORD00464,2023-01-20,Los Angeles,Denver,293.77,Air,827.17,Delivered,4.0
ORD00465,2023-08-20,Chicago,Atlanta,481.28,Truck,1683.92,Delivered,5.0
ORD00466,2023-10-23,New York,Seattle,190.56,Truck,304.21,Delivered,4.0
ORD00467,2023-06-07,Los Angeles,Seattle,146.43,Van,505.82,In Transit,4.0
ORD00468,2023-05-17,Los Angeles,Denver,434.96,Train,1006.42,Delivered,1.0
ORD00469,2023-02-26,Phoenix,Seattle,115.68,Air,374.98,Delayed,4.0
ORD00470,2023-04-13,Phoenix,Boston,481.8,Van,1476.61,Delivered,4.0
ORD00471,2023-10-21,Houston,Boston,11.02,Train,29.03,Delivered,4.0
ORD00472,2023-10-13,Chicago,Atlanta,485.09,Train,1444.06,Delivered,
ORD00473,2023-10-28,Houston,Boston,26.36,Van,85.86,Delivered,5.0
ORD00474,2023-11-04,New York,Seattle,446.12,Air,1029.77,Delivered,5.0
ORD00475,2023-04-14,New York,Miami,266.21,Air,573.43,In Transit,4.0
ORD00476,2023-03-21,Los Angeles,Denver,496.52,Air,1407.73,Cancelled,5.0
ORD00477,2023-11-21,Houston,Denver,41.53,Air,129.39,Delivered,3.0
ORD00478,2023-02-27,New York,Denver,279.16,Van,844.34,In Transit,5.0
ORD00479,2023-02-12,New York,Boston,484.8,Van,1500.76,Delivered,3.0
ORD00480,2023-04-22,Phoenix,Miami,263.93,Truck,625.82,Delivered,5.0
ORD00481,2023-11-24,New York,Atlanta,316.55,Truck,992.6,Delivered,4.0
ORD00482,2023-07-18,Chicago,Boston,349.4,Train,608.1,Delivered,5.0
ORD00483,2023-10-21,Los Angeles,Seattle,230.0,Train,595.46,Delivered,5.0
ORD00484,2023-11-20,Houston,Atlanta,315.64,Van,477.1,Delivered,3.0
ORD00485,2023-02-16,Chicago,Seattle,294.24,Truck,632.37,In Transit,4.0
ORD00486,2023-12-08,Houston,Atlanta,451.07,Train,1007.2,In Transit,5.0
ORD00487,2023-05-12,New York,Miami,27.5,Truck,63.04,Delivered,4.0
ORD00488,2023-08-15,Phoenix,Atlanta,144.08,Air,416.53,In Transit,5.0
ORD00489,2023-01-30,New York,Seattle,475.45,Air,1082.65,Delivered,4.0
ORD00490,2023-12-17,New York,Miami,445.68,Train,1068.47,Delayed,4.0
ORD00491,2023-04-28,Phoenix,Seattle,230.55,Air,455.36,In Transit,4.0
ORD00492,2023-04-17,Houston,Atlanta,311.97,Van,700.84,Delivered,4.0
ORD00493,2023-07-14,Phoenix,Miami,142.3,Train,278.13,Delivered,5.0
ORD00494,2023-04-30,Chicago,Miami,98.12,Train,161.54,Delayed,4.0
ORD00495,2023-07-19,New York,Atlanta,234.53,Train,634.85,Delivered,4.0
ORD00496,2023-03-19,Phoenix,Seattle,179.91,Train,510.3,Delivered,4.0
ORD00497,2023-04-15,Los Angeles,Boston,293.91,Air,805.01,Delivered,4.0
ORD00498,2023-07-04,Los Angeles,Atlanta,43.48,Train,105.53,Delivered,5.0
ORD00499,2023-10-16,Phoenix,Atlanta,487.33,Air,1101.16,Delayed,5.0
ORD00500,2023-12-16,Los Angeles,Miami,493.17,Truck,1591.3,Delivered,4.0
ORD00501,2023-03-15,Houston,Atlanta,350.59,Train,889.85,Delivered,5.0
ORD00502,2023-03-20,Chicago,Atlanta,270.37,Van,664.67,Delivered,5.0
ORD00503,2023-06-03,Houston,Denver,158.22,Truck,245.44,Delayed,4.0
ORD00504,2023-07-13,Houston,Atlanta,407.83,Van,890.09,In Transit,5.0
ORD00505,2023-03-29,New York,Boston,343.94,Air,777.44,Delivered,4.0
ORD00506,2023-11-09,New York,Denver,85.5,Train,196.45,Delivered,3.0
ORD00507,2023-11-30,Phoenix,Atlanta,455.91,Air,1212.88,Delivered,5.0
ORD00508,2023-04-02,Chicago,Boston,412.16,Train,,Delivered,4.0
ORD00509,2023-10-17,New York,Seattle,475.15,Truck,1290.42,Delivered,5.0
ORD00510,2023-06-12,Phoenix,Denver,364.23,Truck,1103.53,Delivered,5.0
ORD00511,2023-10-14,Houston,Seattle,308.64,Air,964.8,Delivered,2.0
ORD00512,2023-08-27,Phoenix,Seattle,212.03,Air,622.57,Delivered,5.0
ORD00513,2023-05-20,Phoenix,Seattle,466.7,Air,1591.94,In Transit,4.0
ORD00514,2023-01-25,New York,Atlanta,433.7,Van,666.36,Delivered,4.0
ORD00515,2023-06-15,Phoenix,Denver,27.38,Truck,51.79,Delivered,5.0
ORD00516,2023-07-15,Phoenix,Boston,18.05,Truck,27.35,Delivered,5.0
ORD00517,2023-07-18,Houston,Boston,191.35,Train,534.81,Delivered,1.0
ORD00518,2023-04-08,Los Angeles,Seattle,406.22,Truck,1338.93,Delivered,4.0
ORD00519,2023-04-01,Los Angeles,Boston,493.7,Van,980.96,In Transit,5.0
ORD00520,2023-07-26,Houston,Denver,79.46,Air,266.51,Cancelled,
ORD00521,2023-01-22,Los Angeles,Boston,299.09,Train,484.69,Delivered,
ORD00522,2023-12-25,Los Angeles,Boston,193.54,Van,652.01,Delivered,
ORD00523,2023-04-06,Houston,Boston,485.11,Van,1068.82,Delivered,4.0
ORD00524,2023-01-26,Phoenix,Denver,421.85,Air,718.34,In Transit,4.0
ORD00525,2023-04-09,Los Angeles,Denver,419.97,Air,1038.06,Delivered,5.0
ORD00526,2023-05-27,Chicago,Boston,237.0,Train,477.21,Delivered,4.0
ORD00527,2023-09-27,Los Angeles,Denver,210.34,Air,435.35,Delivered,
ORD00528,2023-06-14,Houston,Seattle,140.34,Train,296.76,Delivered,5.0
ORD00529,2023-06-21,Phoenix,Atlanta,32.91,Van,102.22,Delivered,1.0
ORD00530,2023-06-10,Houston,Miami,433.04,Air,1116.52,In Transit,5.0
ORD00531,2023-05-04,New York,Miami,407.39,Van,864.73,Delivered,5.0
ORD00532,2023-11-09,Phoenix,Seattle,499.86,Truck,1359.95,Delivered,5.0
ORD00533,2023-11-15,Houston,Seattle,498.34,Van,1461.28,Delivered,4.0
ORD00534,2023-04-15,Phoenix,Miami,279.94,Train,572.55,Cancelled,1.0
ORD00535,2023-05-11,Phoenix,Denver,385.65,Truck,897.45,Delivered,5.0
ORD00536,2023-06-06,Phoenix,Seattle,472.66,Air,824.21,Delayed,5.0
ORD00537,2023-06-06,Los Angeles,Seattle,425.58,Air,792.56,Delivered,5.0
ORD00538,2023-07-26,Phoenix,Miami,127.44,Air,364.76,In Transit,3.0
ORD00539,2023-05-03,Chicago,Denver,228.02,Air,424.77,Delivered,
ORD00540,2023-05-23,Phoenix,Miami,68.93,Truck,175.79,Cancelled,5.0
ORD00541,2023-02-27,New York,Denver,477.26,Truck,1392.69,Delayed,5.0
ORD00542,2023-10-03,New York,Miami,305.06,Truck,522.8,In Transit,5.0
ORD00543,2023-12-07,Chicago,Atlanta,118.18,Air,311.36,Delivered,5.0
ORD00544,2023-10-14,Houston,Miami,337.49,Truck,679.41,Delivered,5.0
ORD00545,2023-02-17,Los Angeles,Miami,310.97,Train,1065.34,In Transit,2.0
ORD00546,2023-01-31,New York,Boston,182.29,Truck,449.73,Delivered,4.0
ORD00547,2023-01-01,Houston,Seattle,61.21,Train,190.48,In Transit,2.0
ORD00548,2023-05-02,New York,Denver,337.43,Truck,877.47,Delivered,4.0
ORD00549,2023-11-13,Houston,Seattle,262.55,Truck,416.62,Delivered,4.0
ORD00550,2023-12-25,Chicago,Atlanta,387.3,Air,1071.39,Delivered,2.0
ORD00551,2023-09-12,Houston,Atlanta,262.48,Van,893.17,Delivered,4.0
ORD00552,2023-02-03,Phoenix,Atlanta,426.83,Air,1153.82,Delivered,3.0
ORD00553,2023-05-13,Phoenix,Boston,278.19,Air,873.07,Delivered,5.0
ORD00554,2023-09-23,New York,Denver,282.66,Train,923.85,Delivered,5.0
ORD00555,2023-01-01,New York,Miami,438.94,Air,858.64,Delivered,2.0
ORD00556,2023-03-22,Phoenix,Boston,204.72,Air,393.9,Delivered,5.0
ORD00557,2023-01-03,Los Angeles,Denver,71.34,Truck,194.18,Delivered,4.0
ORD00558,2023-11-20,New York,Boston,19.25,Van,44.7,Delivered,4.0
ORD00559,2023-03-16,New York,Boston,378.79,Van,1204.45,In Transit,2.0
ORD00560,2023-09-25,Phoenix,Boston,312.05,Air,,Delivered,4.0
ORD00561,2023-01-12,Los Angeles,Boston,353.52,Air,780.16,Delivered,5.0
ORD00562,2023-09-02,Chicago,Miami,110.42,Truck,217.94,Cancelled,5.0
ORD00563,2023-11-13,Houston,Atlanta,72.5,Air,221.93,Delivered,2.0
ORD00564,2023-09-07,Los Angeles,Boston,12.2,Train,25.01,Delivered,2.0
ORD00565,2023-03-10,Houston,Boston,178.54,Van,561.55,Delivered,4.0
ORD00566,2023-04-01,Houston,Boston,297.01,Train,697.22,Delivered,4.0
ORD00567,2023-02-10,Chicago,Denver,199.16,Train,564.64,Delivered,4.0
ORD00568,2023-07-18,Los Angeles,Boston,221.55,Truck,374.66,Delivered,4.0
ORD00569,2023-12-01,Los Angeles,Boston,452.56,Train,1243.51,Cancelled,5.0
ORD00570,2023-05-14,Houston,Seattle,177.39,Truck,426.36,Delayed,5.0
ORD00571,2023-04-05,Chicago,Denver,259.42,Truck,693.49,In Transit,4.0
ORD00572,2023-07-26,Chicago,Miami,392.91,Air,721.39,Delivered,5.0
ORD00573,2023-08-10,New York,Seattle,201.29,Van,598.59,Delivered,4.0
ORD00574,2023-04-26,Chicago,Boston,312.93,Train,1009.39,Delivered,4.0
ORD00575,2023-05-20,Los Angeles,Denver,431.87,Air,835.01,Delivered,4.0
ORD00576,2023-04-22,Houston,Miami,475.01,Van,803.45,Delayed,5.0
ORD00577,2023-03-03,New York,Denver,77.8,Air,120.38,Cancelled,5.0
ORD00578,2023-11-26,New York,Boston,463.66,Air,1290.8,Delivered,5.0
ORD00579,2023-01-03,Chicago,Seattle,248.6,Van,674.75,Delivered,4.0
ORD00580,2023-04-05,Chicago,Miami,132.83,Truck,344.48,Delivered,5.0
ORD00581,2023-09-23,Chicago,Boston,232.27,Train,456.15,Delivered,3.0
ORD00582,2024-01-01,New York,Seattle,490.12,Air,1118.36,In Transit,5.0
ORD00583,2023-01-27,Chicago,Miami,248.85,Train,669.15,Cancelled,4.0
ORD00584,2023-10-13,New York,Seattle,167.73,Van,418.24,Delivered,4.0
ORD00585,2023-10-14,New York,Atlanta,318.53,Truck,1107.07,In Transit,4.0
ORD00586,2023-09-06,New York,Atlanta,123.87,Van,219.61,In Transit,5.0
ORD00587,2023-11-30,Phoenix,Seattle,42.55,Train,122.98,Delivered,2.0
ORD00588,2023-02-05,Houston,Denver,68.8,Train,158.83,Delivered,5.0
ORD00589,2023-01-24,Los Angeles,Denver,68.38,Van,161.13,Delayed,4.0
ORD00590,2023-01-18,Chicago,Seattle,80.19,Truck,235.37,In Transit,5.0
ORD00591,2023-08-26,Los Angeles,Denver,73.72,Van,212.67,Delayed,5.0
ORD00592,2023-03-26,Houston,Atlanta,322.23,Train,1122.17,Delivered,5.0
ORD00593,2023-11-10,Phoenix,Atlanta,95.03,Air,166.95,Delayed,4.0
ORD00594,2023-03-31,New York,Denver,176.11,Train,300.83,Delivered,4.0
ORD00595,2023-08-06,New York,Seattle,448.91,Van,1323.69,Delivered,3.0
ORD00596,2023-01-19,Houston,Denver,239.61,Truck,636.59,Delivered,5.0
ORD00597,2023-11-24,Houston,Atlanta,335.44,Train,687.09,In Transit,4.0
ORD00598,2023-07-09,New York,Miami,90.3,Van,149.79,In Transit,4.0
ORD00599,2023-05-11,Los Angeles,Boston,100.18,Train,167.43,Delivered,4.0
ORD00600,2023-07-16,Los Angeles,Denver,25.23,Air,82.97,Delivered,3.0
ORD00601,2023-08-14,Los Angeles,Seattle,88.62,Air,166.94,Delivered,5.0
ORD00602,2023-11-15,Houston,Atlanta,142.9,Truck,306.77,Delivered,
ORD00603,2023-04-02,Chicago,Denver,92.62,Air,180.92,Delivered,5.0
ORD00604,2023-11-30,New York,Seattle,48.91,Truck,108.09,Delivered,4.0
ORD00605,2023-11-01,Phoenix,Boston,64.71,Truck,106.05,Delivered,1.0
ORD00606,2023-03-26,Houston,Boston,233.09,Air,591.61,Delivered,4.0
ORD00607,2023-12-27,Chicago,Seattle,107.14,Truck,175.2,Delivered,1.0
ORD00608,2023-03-09,Phoenix,Boston,185.31,Air,574.59,Delivered,4.0
ORD00609,2023-03-04,Phoenix,Denver,254.19,Train,500.1,Delayed,5.0
ORD00610,2023-07-29,Houston,Seattle,346.75,Van,894.62,Delivered,2.0
ORD00611,2023-08-18,Los Angeles,Boston,24.46,Van,79.74,Delivered,5.0
ORD00612,2023-08-05,New York,Miami,400.71,Air,1122.69,Cancelled,1.0
ORD00613,2023-09-05,Phoenix,Boston,315.81,Truck,810.34,Delivered,4.0
ORD00614,2023-01-28,Los Angeles,Atlanta,45.47,Truck,97.7,Delivered,5.0
ORD00615,2023-01-02,Houston,Miami,437.42,Train,947.45,Delivered,4.0
ORD00616,2023-01-22,Los Angeles,Seattle,460.83,Train,1308.28,Delayed,3.0
ORD00617,2023-12-28,Phoenix,Boston,35.23,Air,122.89,Delivered,4.0
ORD00618,2023-12-01,Phoenix,Seattle,142.05,Van,401.1,Delivered,4.0
ORD00619,2023-10-12,Houston,Miami,404.07,Air,,Delivered,5.0
ORD00620,2023-01-26,Phoenix,Denver,375.39,Van,1111.64,Delayed,4.0
ORD00621,2023-05-31,Chicago,Seattle,96.34,Train,234.15,Delivered,5.0
ORD00622,2023-05-23,New York,Seattle,108.63,Truck,176.01,Delayed,5.0
ORD00623,2023-07-16,Los Angeles,Miami,188.38,Truck,494.42,Delivered,4.0
ORD00624,2023-04-20,New York,Miami,244.84,Truck,836.19,Delivered,5.0
ORD00625,2023-04-13,New York,Boston,311.04,Air,575.61,Delivered,4.0
ORD00626,2023-01-30,New York,Seattle,187.61,Truck,540.32,Delayed,5.0
ORD00627,2023-02-21,Chicago,Denver,233.95,Train,444.94,Delivered,2.0
ORD00628,2023-02-06,Los Angeles,Boston,375.0,Truck,964.37,Delivered,5.0
ORD00629,2023-08-18,Los Angeles,Atlanta,23.16,Van,39.22,In Transit,4.0
ORD00630,2023-12-04,Los Angeles,Seattle,129.96,Train,312.0,Delayed,4.0
ORD00631,2023-02-24,Los Angeles,Boston,358.11,Truck,1078.74,In Transit,5.0
ORD00632,2023-05-27,Phoenix,Denver,448.13,Truck,983.71,Delivered,5.0
ORD00633,2023-10-26,Phoenix,Miami,258.28,Van,730.89,Delivered,1.0
ORD00634,2023-07-15,Phoenix,Boston,268.4,Train,829.6,In Transit,3.0
ORD00635,2023-07-29,Houston,Atlanta,58.05,Van,194.72,Delivered,5.0
ORD00636,2023-06-15,Chicago,Atlanta,226.47,Air,445.98,Delivered,5.0
ORD00637,2023-08-27,Los Angeles,Boston,268.65,Van,617.53,In Transit,5.0
ORD00638,2023-03-17,Houston,Boston,125.02,Air,225.64,Delivered,5.0
ORD00639,2023-05-25,Phoenix,Miami,138.28,Truck,481.9,In Transit,5.0
ORD00640,2023-03-06,Houston,Atlanta,191.76,Train,643.16,Delivered,5.0
ORD00641,2023-09-03,Houston,Miami,14.94,Train,38.54,Delivered,4.0
ORD00642,2023-11-17,Los Angeles,Miami,164.43,Van,523.56,Cancelled,3.0
ORD00643,2023-07-13,Chicago,Denver,109.67,Train,278.77,Delivered,5.0
ORD00644,2023-05-13,New York,Miami,167.11,Train,459.08,Delivered,5.0
ORD00645,2023-11-28,Houston,Denver,64.28,Air,107.88,In Transit,1.0
ORD00646,2023-03-09,Houston,Boston,445.81,Air,1342.13,Delivered,4.0
ORD00647,2023-09-25,Los Angeles,Boston,298.83,Train,524.57,Delayed,5.0
ORD00648,2023-05-06,Houston,Atlanta,341.16,Train,1075.38,Delivered,4.0
ORD00649,2023-05-08,Houston,Seattle,395.64,Van,1212.26,Delivered,4.0
ORD00650,2023-10-27,Los Angeles,Denver,251.73,Air,734.42,Delivered,4.0
ORD00651,2023-01-10,Chicago,Seattle,48.03,Van,75.52,Delivered,4.0
ORD00652,2023-03-10,Houston,Boston,270.87,Train,570.52,Delivered,
ORD00653,2023-08-21,New York,Boston,295.49,Train,598.73,Cancelled,4.0
ORD00654,2023-11-02,Houston,Miami,373.99,Train,830.36,Delivered,2.0
ORD00655,2023-10-19,Chicago,Seattle,218.67,Van,366.33,Delivered,5.0
ORD00656,2023-08-17,Chicago,Denver,68.15,Air,229.93,Delivered,4.0
ORD00657,2023-09-11,New York,Boston,145.47,Train,379.33,In Transit,5.0
ORD00658,2023-01-07,New York,Miami,184.73,Van,389.97,Delivered,5.0
ORD00659,2023-01-16,Houston,Seattle,324.73,Air,744.92,Delivered,
ORD00660,2023-10-31,Houston,Seattle,287.54,Air,688.49,Delayed,5.0
ORD00661,2023-06-15,Houston,Boston,181.27,Truck,489.64,In Transit,4.0
ORD00662,2023-05-02,Phoenix,Denver,493.33,Van,1248.8,In Transit,5.0
ORD00663,2023-08-27,Chicago,Denver,304.86,Van,1017.86,Delayed,4.0
ORD00664,2023-04-21,Los Angeles,Seattle,122.43,Air,305.33,Delayed,
ORD00665,2023-07-04,Chicago,Denver,55.38,Truck,192.96,Delivered,5.0
ORD00666,2023-10-26,Los Angeles,Boston,80.67,Van,258.37,Delivered,4.0
ORD00667,2023-04-25,Phoenix,Denver,126.75,Air,242.98,Delivered,3.0
ORD00668,2023-07-09,Houston,Denver,84.54,Train,284.16,Delivered,5.0
ORD00669,2023-05-21,Houston,Atlanta,97.35,Van,168.68,Delivered,5.0
ORD00670,2023-05-12,Phoenix,Miami,146.12,Air,458.07,Delivered,4.0
ORD00671,2023-08-27,New York,Seattle,90.82,Air,205.37,Delivered,5.0
ORD00672,2023-02-10,Houston,Miami,448.9,Train,1461.6,Delivered,4.0
ORD00673,2023-01-19,Los Angeles,Miami,44.72,Train,144.72,Delivered,5.0
ORD00674,2023-01-20,Houston,Boston,264.63,Train,823.49,Delivered,3.0
ORD00675,2023-07-15,Houston,Miami,208.15,Air,641.11,Delivered,5.0
ORD00676,2023-03-04,Chicago,Atlanta,491.28,Truck,1036.29,Delivered,4.0
ORD00677,2023-02-16,Chicago,Miami,60.46,Truck,100.47,Delivered,4.0
ORD00678,2023-05-28,Houston,Atlanta,201.94,Air,465.67,Delivered,2.0
ORD00679,2023-06-11,Houston,Miami,484.89,Train,895.62,In Transit,3.0
ORD00680,2023-12-03,Phoenix,Miami,433.43,Air,1252.57,In Transit,4.0
ORD00681,2023-08-27,Phoenix,Boston,409.45,Truck,897.6,Delayed,4.0
ORD00682,2023-12-20,Chicago,Miami,132.66,Train,457.84,Delivered,5.0
ORD00683,2023-09-16,Chicago,Seattle,89.59,Truck,,Delivered,
ORD00684,2023-11-04,Houston,Miami,335.98,Truck,1056.64,Delivered,4.0
ORD00685,2023-02-08,Chicago,Seattle,465.04,Truck,820.82,Delivered,4.0
ORD00686,2023-06-17,Chicago,Boston,280.6,Air,904.66,Delivered,1.0
ORD00687,2023-12-01,Phoenix,Boston,287.95,Air,963.34,Delivered,3.0
ORD00688,2023-11-08,New York,Miami,143.59,Van,355.26,Delayed,
ORD00689,2023-11-17,Los Angeles,Miami,385.9,Air,1046.76,Delivered,4.0
ORD00690,2023-07-16,Houston,Seattle,97.59,Van,295.66,Delivered,4.0
ORD00691,2023-08-04,Los Angeles,Denver,165.22,Train,305.6,Delivered,4.0
ORD00692,2023-01-24,Los Angeles,Denver,215.59,Truck,540.08,Cancelled,4.0
ORD00693,2023-11-22,Houston,Atlanta,256.27,Van,588.74,Delivered,
ORD00694,2023-04-19,Chicago,Denver,124.99,Air,224.08,Delivered,4.0
ORD00695,2023-11-08,Chicago,Miami,61.84,Van,138.22,Delivered,5.0
ORD00696,2023-06-06,New York,Seattle,307.26,Air,502.78,In Transit,4.0
ORD00697,2023-02-14,Los Angeles,Miami,147.87,Truck,229.44,Delayed,
ORD00698,2023-03-17,Los Angeles,Boston,292.71,Train,518.19,In Transit,4.0
ORD00699,2023-06-01,New York,Seattle,81.41,Train,278.93,Delivered,
ORD00700,2023-10-11,Phoenix,Miami,243.16,Van,631.99,Delivered,5.0
ORD00701,2023-04-22,Houston,Seattle,268.63,Train,921.84,Delivered,4.0
ORD00702,2023-05-16,Chicago,Miami,30.65,Truck,72.49,In Transit,5.0
ORD00703,2023-12-01,Houston,Seattle,171.62,Van,364.46,Delivered,3.0
ORD00704,2023-03-08,Phoenix,Seattle,71.54,Air,179.73,Delayed,1.0
ORD00705,2023-04-29,Chicago,Atlanta,36.37,Air,86.53,In Transit,5.0
ORD00706,2023-01-24,Chicago,Boston,495.03,Truck,847.16,Delivered,5.0
ORD00707,2023-08-05,Chicago,Boston,164.57,Train,457.78,Delayed,3.0
ORD00708,2023-04-09,Phoenix,Atlanta,405.89,Truck,784.21,Delivered,4.0
ORD00709,2023-09-16,Houston,Denver,131.05,Train,358.97,Delivered,1.0
ORD00710,2023-02-16,Houston,Miami,342.34,Train,958.69,Delivered,4.0
ORD00711,2023-05-22,New York,Denver,381.31,Truck,687.9,Delivered,5.0
ORD00712,2023-06-24,Houston,Miami,299.84,Train,486.55,Delivered,4.0
ORD00713,2023-07-03,Chicago,Atlanta,238.43,Van,729.96,Cancelled,4.0
ORD00714,2023-03-02,Chicago,Denver,208.86,Air,,Delivered,4.0
ORD00715,2023-03-19,Houston,Boston,177.69,Air,287.21,Delivered,1.0
ORD00716,2023-02-25,Houston,Miami,465.12,Van,1623.14,Delivered,4.0
ORD00717,2023-05-02,Phoenix,Denver,416.16,Air,672.33,Delivered,5.0
ORD00718,2023-04-05,Chicago,Denver,482.69,Truck,1395.01,Delivered,5.0
ORD00719,2023-10-20,Chicago,Boston,66.53,Truck,230.68,Delivered,5.0
ORD00720,2023-12-18,New York,Miami,366.78,Air,725.62,Delivered,1.0
ORD00721,2023-07-15,Los Angeles,Denver,469.48,Air,837.79,Delivered,5.0
ORD00722,2023-01-31,Phoenix,Atlanta,94.71,Train,165.06,Delivered,
ORD00723,2023-09-19,Houston,Denver,37.92,Air,79.88,Delivered,5.0
ORD00724,2023-03-19,Chicago,Miami,371.85,Truck,632.92,Delivered,4.0
ORD00725,2023-11-10,Los Angeles,Miami,289.36,Truck,834.61,Delivered,4.0
ORD00726,2023-11-08,Phoenix,Boston,421.71,Air,685.1,Delivered,4.0
ORD00727,2023-08-30,Chicago,Seattle,74.19,Air,186.87,Delivered,2.0
ORD00728,2023-06-26,Phoenix,Atlanta,398.66,Van,1392.68,Delayed,4.0
ORD00729,2023-05-04,Los Angeles,Atlanta,104.81,Train,327.84,Delivered,4.0
ORD00730,2023-10-16,New York,Boston,86.01,Train,234.85,Delivered,4.0
ORD00731,2023-10-28,Los Angeles,Atlanta,86.31,Truck,182.33,Delayed,5.0
ORD00732,2023-04-04,Houston,Seattle,408.21,Van,1121.68,Delivered,4.0
ORD00733,2023-04-28,New York,Denver,334.27,Van,853.75,Delivered,2.0
ORD00734,2023-02-15,Phoenix,Miami,263.92,Truck,620.78,Delivered,5.0
ORD00735,2023-11-23,Phoenix,Boston,182.62,Truck,321.67,Delivered,5.0
ORD00736,2024-01-01,New York,Miami,439.21,Van,1437.63,Delivered,5.0
ORD00737,2023-11-22,Los Angeles,Denver,199.26,Truck,478.14,Delivered,5.0
ORD00738,2023-05-07,Phoenix,Seattle,409.22,Truck,773.12,Delivered,4.0
ORD00739,2023-05-21,Los Angeles,Seattle,222.37,Truck,497.11,Delivered,5.0
ORD00740,2023-12-30,Phoenix,Atlanta,191.59,Train,446.07,In Transit,2.0
ORD00741,2023-01-28,Chicago,Atlanta,234.03,Train,738.38,Delivered,4.0
ORD00742,2023-11-29,Chicago,Atlanta,154.18,Air,457.49,Delivered,4.0
ORD00743,2023-06-30,Houston,Atlanta,375.07,Van,1139.69,Delivered,
ORD00744,2023-01-15,New York,Seattle,253.85,Train,386.38,Delivered,3.0
ORD00745,2023-08-28,Los Angeles,Miami,119.95,Truck,279.76,Delivered,5.0
ORD00746,2023-06-16,Phoenix,Atlanta,450.29,Van,1108.92,Delivered,5.0
ORD00747,2023-09-08,Houston,Atlanta,195.03,Train,300.03,Delayed,4.0
ORD00748,2023-06-01,Houston,Seattle,274.06,Train,553.5,Delivered,3.0
ORD00749,2023-01-12,New York,Boston,453.7,Air,1370.44,In Transit,5.0
ORD00750,2023-11-19,Los Angeles,Boston,314.0,Van,557.1,Delivered,5.0
ORD00751,2023-01-12,Chicago,Seattle,62.86,Air,161.59,Delivered,4.0
ORD00752,2023-01-23,Chicago,Denver,470.22,Truck,907.71,Delayed,5.0
ORD00753,2023-03-23,Chicago,Denver,315.72,Train,481.23,Delivered,4.0
ORD00754,2023-01-08,Phoenix,Atlanta,170.78,Truck,338.55,Delayed,4.0
ORD00755,2023-08-10,Los Angeles,Denver,73.94,Train,255.22,Delayed,5.0
ORD00756,2023-10-09,Chicago,Denver,398.04,Air,1235.15,Delivered,4.0
ORD00757,2023-09-06,Houston,Seattle,311.94,Van,1066.57,Delivered,4.0
ORD00758,2023-08-15,New York,Boston,269.06,Air,666.11,Delivered,5.0
ORD00759,2023-02-28,Phoenix,Atlanta,447.48,Truck,769.43,In Transit,5.0
ORD00760,2023-05-04,Chicago,Seattle,395.36,Air,1026.32,Delivered,2.0
ORD00761,2023-06-26,New York,Boston,80.08,Truck,192.89,Delivered,3.0
ORD00762,2023-07-12,Houston,Boston,159.3,Train,507.96,Delivered,1.0
ORD00763,2023-05-02,Houston,Seattle,128.0,Van,217.11,Delivered,5.0
ORD00764,2023-09-22,Los Angeles,Denver,373.25,Train,,Delivered,4.0
ORD00765,2023-02-19,Chicago,Seattle,21.6,Train,38.88,Delivered,3.0
ORD00766,2023-08-08,Los Angeles,Miami,287.1,Train,,Delivered,5.0
ORD00767,2023-02-11,Houston,Miami,382.42,Truck,,Delivered,4.0
ORD00768,2023-11-28,Chicago,Miami,439.0,Van,1076.44,In Transit,4.0
ORD00769,2023-05-08,Houston,Boston,174.33,Truck,392.55,Delayed,4.0
ORD00770,2023-12-08,Los Angeles,Boston,411.52,Train,941.95,In Transit,5.0
ORD00771,2023-05-19,Houston,Miami,59.76,Train,144.55,Delivered,2.0
ORD00772,2023-10-23,Phoenix,Miami,423.99,Truck,1301.66,Delivered,4.0
ORD00773,2023-02-09,New York,Seattle,68.11,Truck,223.68,Delivered,5.0
ORD00774,2023-05-18,Phoenix,Atlanta,201.66,Truck,687.8,In Transit,4.0
ORD00775,2023-05-30,Houston,Denver,399.66,Truck,1228.48,Delivered,4.0
ORD00776,2023-05-24,Houston,Seattle,79.21,Van,168.78,Cancelled,4.0
ORD00777,2023-12-17,New York,Seattle,118.48,Train,340.78,In Transit,1.0
ORD00778,2023-06-29,New York,Seattle,362.52,Train,861.06,Delivered,3.0
ORD00779,2023-04-30,Phoenix,Seattle,361.42,Truck,726.22,Cancelled,4.0
ORD00780,2023-09-25,Los Angeles,Miami,322.37,Train,1025.7,In Transit,4.0
ORD00781,2023-11-27,Chicago,Denver,348.5,Train,549.53,Delivered,1.0
ORD00782,2023-06-24,New York,Boston,273.65,Train,904.01,In Transit,5.0
ORD00783,2023-10-25,Phoenix,Seattle,129.64,Truck,314.11,Delivered,5.0
ORD00784,2023-03-22,Chicago,Atlanta,176.12,Train,488.63,Delivered,5.0
ORD00785,2023-01-16,Chicago,Seattle,94.89,Train,267.47,Delivered,5.0
ORD00786,2023-11-02,New York,Atlanta,454.68,Van,1496.0,Delivered,4.0
ORD00787,2023-03-23,New York,Atlanta,293.78,Van,814.75,Delivered,5.0
ORD00788,2023-06-21,New York,Seattle,203.42,Van,554.9,Cancelled,3.0
ORD00789,2023-05-31,Chicago,Seattle,233.69,Air,381.69,Delivered,5.0
ORD00790,2023-03-16,Los Angeles,Seattle,473.91,Air,1202.22,Delayed,5.0
ORD00791,2023-06-02,Los Angeles,Boston,80.91,Truck,145.67,Delivered,
ORD00792,2023-09-15,New York,Boston,295.18,Train,878.12,Delayed,5.0
ORD00793,2023-05-12,Los Angeles,Miami,255.41,Van,644.77,Delivered,4.0
ORD00794,2023-02-01,Houston,Miami,307.67,Van,880.08,Delayed,4.0
ORD00795,2023-05-09,Phoenix,Seattle,13.96,Van,22.1,Cancelled,4.0
ORD00796,2023-06-28,New York,Denver,436.7,Train,729.11,Delivered,4.0
ORD00797,2023-11-13,New York,Miami,466.4,Van,1367.79,Delivered,2.0
ORD00798,2023-07-01,Chicago,Boston,284.74,Train,468.16,Delivered,5.0
ORD00799,2023-01-06,Houston,Atlanta,349.84,Train,574.62,Delivered,5.0
ORD00800,2023-09-19,Phoenix,Boston,461.64,Train,703.64,Delivered,3.0
ORD00801,2023-10-18,New York,Miami,355.08,Train,1211.89,Delivered,5.0
ORD00802,2023-12-15,Houston,Denver,80.51,Air,239.52,Delivered,5.0
ORD00803,2023-05-16,Houston,Atlanta,290.26,Train,640.46,Delivered,5.0
ORD00804,2023-10-18,New York,Boston,305.32,Train,639.06,Delivered,5.0
ORD00805,2023-11-23,Chicago,Denver,214.94,Train,472.74,Delivered,4.0
ORD00806,2023-11-29,Chicago,Boston,369.54,Truck,1126.84,Delivered,5.0
ORD00807,2023-09-30,New York,Atlanta,467.51,Air,1319.66,Delivered,5.0
ORD00808,2023-01-14,Chicago,Atlanta,463.16,Van,866.29,Delivered,3.0
ORD00809,2023-05-16,New York,Miami,228.17,Air,421.71,Delivered,4.0
ORD00810,2023-08-26,Los Angeles,Boston,61.05,Truck,103.59,Delayed,
ORD00811,2023-06-01,Chicago,Denver,492.5,Truck,1389.15,Delivered,4.0
ORD00812,2023-07-25,New York,Denver,420.25,Truck,1272.83,In Transit,5.0
ORD00813,2023-10-15,New York,Atlanta,66.71,Air,135.43,Delivered,5.0
ORD00814,2023-01-03,New York,Atlanta,460.82,Air,710.53,Delivered,3.0
ORD00815,2023-09-04,Phoenix,Atlanta,435.6,Truck,724.99,In Transit,4.0
ORD00816,2023-02-04,New York,Seattle,261.82,Van,899.54,In Transit,5.0
ORD00817,2023-09-24,New York,Atlanta,297.68,Train,622.42,Delivered,4.0
ORD00818,2023-08-07,Los Angeles,Seattle,202.51,Truck,615.32,Delivered,1.0
ORD00819,2023-11-26,Phoenix,Miami,32.11,Air,88.28,Delivered,1.0
ORD00820,2023-12-01,Los Angeles,Atlanta,170.92,Truck,386.94,Delivered,4.0
ORD00821,2023-08-12,Chicago,Denver,402.41,Air,769.16,Delivered,5.0
ORD00822,2023-06-15,Houston,Boston,7.29,Truck,12.7,Cancelled,4.0
ORD00823,2023-12-05,Chicago,Atlanta,170.08,Truck,464.32,Delivered,
ORD00824,2023-06-04,New York,Seattle,202.09,Air,,In Transit,
ORD00825,2023-03-18,Houston,Miami,271.01,Train,755.52,Delivered,4.0
ORD00826,2023-07-07,Chicago,Miami,460.33,Van,1178.72,Delivered,5.0
ORD00827,2023-03-11,Los Angeles,Denver,176.44,Van,279.46,Delivered,5.0
ORD00828,2023-08-05,New York,Denver,176.74,Train,607.45,Delivered,
ORD00829,2023-05-15,Houston,Denver,370.06,Truck,1146.23,Delivered,4.0
ORD00830,2023-12-09,Phoenix,Miami,228.85,Truck,477.3,Cancelled,1.0
ORD00831,2023-10-19,New York,Seattle,116.18,Van,401.98,Delayed,4.0
ORD00832,2023-08-07,Chicago,Boston,228.96,Van,619.05,Delivered,5.0
ORD00833,2023-10-09,Chicago,Atlanta,74.72,Train,199.12,Delivered,3.0
ORD00834,2023-01-01,Houston,Miami,92.31,Truck,276.57,Delivered,4.0
ORD00835,2023-01-16,Houston,Seattle,251.69,Truck,786.16,Delivered,4.0
ORD00836,2023-01-13,Chicago,Seattle,212.37,Air,597.39,Delivered,
ORD00837,2023-11-02,New York,Denver,457.85,Truck,804.07,Delivered,5.0
ORD00838,2023-03-08,Los Angeles,Seattle,184.38,Truck,,Delivered,1.0
ORD00839,2023-10-06,Los Angeles,Seattle,292.39,Van,981.31,Delayed,5.0
ORD00840,2023-04-02,Phoenix,Boston,317.97,Air,619.8,Delivered,4.0
ORD00841,2023-04-23,Los Angeles,Boston,11.48,Train,25.76,Delivered,4.0
ORD00842,2023-07-27,Los Angeles,Atlanta,333.45,Air,788.33,In Transit,5.0
ORD00843,2023-11-01,Phoenix,Denver,93.13,Van,221.54,Delivered,5.0
ORD00844,2023-04-20,Los Angeles,Atlanta,480.73,Train,1310.41,Delivered,5.0
ORD00845,2023-12-09,Phoenix,Boston,78.59,Train,266.12,Delivered,4.0
ORD00846,2023-11-04,Houston,Atlanta,210.24,Van,416.57,In Transit,4.0
ORD00847,2023-02-11,Los Angeles,Miami,47.25,Truck,82.36,Delivered,5.0
ORD00848,2023-05-02,Phoenix,Seattle,498.45,Van,944.53,In Transit,4.0
ORD00849,2023-10-23,Houston,Boston,253.59,Air,830.22,In Transit,4.0
ORD00850,2023-01-13,Los Angeles,Atlanta,299.72,Van,836.7,Delivered,4.0
ORD00851,2023-02-05,Houston,Seattle,38.2,Truck,79.14,Delivered,5.0
ORD00852,2023-04-10,New York,Atlanta,376.23,Truck,1178.31,Delivered,4.0
ORD00853,2023-06-09,Houston,Seattle,108.9,Truck,350.96,Delivered,3.0
ORD00854,2023-08-18,Phoenix,Seattle,449.54,Train,1435.39,Delivered,5.0
ORD00855,2023-11-30,Los Angeles,Atlanta,106.54,Truck,355.61,Delivered,3.0
ORD00856,2023-07-30,Los Angeles,Denver,99.39,Train,199.23,Delivered,
ORD00857,2023-02-07,Los Angeles,Atlanta,23.09,Air,,Delayed,4.0
ORD00858,2023-04-26,Los Angeles,Atlanta,238.67,Van,577.84,In Transit,1.0
ORD00859,2023-08-08,Chicago,Seattle,284.6,Air,906.17,Delayed,1.0
ORD00860,2023-12-12,Chicago,Miami,37.53,Van,110.98,Delivered,3.0
ORD00861,2023-09-21,Chicago,Atlanta,388.89,Train,1187.24,Delivered,5.0
ORD00862,2023-12-17,Chicago,Miami,229.38,Truck,645.09,Delivered,4.0
ORD00863,2023-12-09,Phoenix,Boston,264.57,Van,490.74,Delivered,5.0
ORD00864,2023-10-15,Houston,Atlanta,223.18,Train,578.05,Delivered,
ORD00865,2023-05-27,Phoenix,Seattle,203.38,Train,705.59,Delivered,4.0
ORD00866,2023-05-27,Chicago,Miami,282.02,Truck,951.75,Delivered,4.0
ORD00867,2023-05-15,Los Angeles,Seattle,81.84,Van,129.83,Delivered,4.0
ORD00868,2023-07-18,Phoenix,Boston,95.05,Air,173.91,Delivered,5.0
ORD00869,2023-03-29,Chicago,Boston,431.58,Truck,761.07,Cancelled,
ORD00870,2023-09-02,Houston,Seattle,473.33,Air,1397.25,Delivered,4.0
ORD00871,2023-06-16,New York,Denver,189.79,Truck,595.1,Cancelled,5.0
ORD00872,2023-06-14,Houston,Boston,139.02,Truck,267.89,Delivered,5.0
ORD00873,2023-08-02,Houston,Denver,323.78,Train,813.24,Delivered,5.0
ORD00874,2023-03-25,Los Angeles,Atlanta,207.32,Air,659.57,Delivered,4.0
ORD00875,2023-08-13,Phoenix,Atlanta,17.57,Train,52.11,Delivered,5.0
ORD00876,2023-06-12,Los Angeles,Boston,82.3,Truck,212.7,Delayed,4.0
ORD00877,2023-03-09,Los Angeles,Seattle,359.41,Truck,963.47,In Transit,4.0
ORD00878,2023-07-13,Houston,Seattle,331.17,Air,833.46,In Transit,
ORD00879,2023-08-27,Houston,Miami,18.41,Truck,38.57,Delivered,4.0
ORD00880,2023-07-04,New York,Seattle,114.88,Van,302.14,Cancelled,3.0
ORD00881,2023-02-20,Phoenix,Atlanta,119.38,Air,343.55,Delivered,4.0
ORD00882,2023-10-16,Los Angeles,Atlanta,337.59,Van,1096.04,Cancelled,5.0
ORD00883,2023-05-14,New York,Atlanta,14.76,Van,40.92,Delivered,4.0
ORD00884,2023-02-05,New York,Denver,56.53,Van,170.85,Delivered,2.0
ORD00885,2023-04-24,Chicago,Miami,400.96,Truck,729.8,Delivered,2.0
ORD00886,2023-04-20,Houston,Miami,93.38,Truck,226.27,Delivered,5.0
ORD00887,2023-03-28,Houston,Boston,328.11,Train,498.29,In Transit,4.0
ORD00888,2023-07-30,Los Angeles,Atlanta,122.9,Truck,244.98,Delayed,4.0
ORD00889,2023-08-02,Houston,Denver,54.22,Air,160.11,In Transit,5.0
ORD00890,2023-04-26,New York,Seattle,125.37,Van,436.74,Delivered,5.0
ORD00891,2023-11-18,Los Angeles,Denver,362.52,Air,615.69,Delivered,4.0
ORD00892,2023-04-18,Houston,Boston,428.57,Truck,986.99,In Transit,
ORD00893,2023-09-04,Phoenix,Denver,415.96,Air,1289.54,In Transit,5.0
ORD00894,2023-11-27,Houston,Miami,201.61,Air,384.69,Delivered,5.0
ORD00895,2023-02-20,Houston,Miami,335.7,Air,876.23,Delivered,3.0
ORD00896,2023-03-26,New York,Miami,106.47,Truck,315.81,Delivered,5.0
ORD00897,2023-11-12,Phoenix,Boston,150.11,Air,410.1,Delivered,4.0
ORD00898,2023-06-17,New York,Seattle,448.69,Van,841.76,Delivered,4.0
ORD00899,2023-09-08,Los Angeles,Miami,11.44,Truck,25.29,Delayed,4.0
ORD00900,2023-06-17,Los Angeles,Miami,47.33,Truck,145.19,Delayed,1.0
ORD00901,2023-01-20,Chicago,Boston,107.9,Train,281.45,In Transit,3.0
ORD00902,2023-05-10,Houston,Atlanta,18.13,Air,27.38,Delivered,5.0
ORD00903,2023-06-11,New York,Boston,94.81,Truck,286.51,Delivered,1.0
ORD00904,2023-02-26,Chicago,Denver,293.61,Van,461.15,Delivered,4.0
ORD00905,2023-05-19,Chicago,Seattle,213.61,Air,639.01,Delivered,4.0
ORD00906,2023-05-25,Chicago,Denver,446.87,Air,851.27,Delivered,2.0
ORD00907,2023-01-20,Houston,Miami,409.63,Truck,1399.36,Delivered,5.0
ORD00908,2023-10-28,Chicago,Denver,174.2,Truck,389.49,Delivered,
ORD00909,2023-01-10,New York,Seattle,133.41,Truck,287.35,Delayed,4.0
ORD00910,2023-07-11,Los Angeles,Seattle,192.95,Train,346.88,In Transit,4.0
ORD00911,2023-08-10,Phoenix,Miami,297.2,Truck,627.45,Cancelled,4.0
ORD00912,2023-07-06,New York,Denver,137.69,Truck,447.95,Delivered,1.0
ORD00913,2023-08-15,New York,Atlanta,313.95,Train,1096.52,Delivered,5.0
ORD00914,2023-08-08,Chicago,Boston,207.66,Train,464.46,Delivered,
ORD00915,2023-04-20,Los Angeles,Atlanta,278.26,Truck,667.05,Delivered,4.0
ORD00916,2023-04-22,Phoenix,Denver,220.88,Truck,650.3,Delivered,5.0
ORD00917,2023-05-18,Houston,Boston,150.76,Truck,493.35,In Transit,5.0
ORD00918,2023-01-19,Houston,Atlanta,474.48,Train,1274.5,Delivered,5.0
ORD00919,2023-10-26,Chicago,Atlanta,382.98,Train,874.36,Delivered,4.0
ORD00920,2023-12-31,Phoenix,Boston,74.36,Van,172.91,Delivered,4.0
ORD00921,2023-11-14,New York,Boston,434.89,Train,1257.37,Delivered,4.0
ORD00922,2023-05-05,Los Angeles,Denver,246.28,Van,371.01,Delivered,5.0
ORD00923,2023-03-05,Los Angeles,Boston,447.8,Air,1226.6,Delivered,5.0
ORD00924,2023-10-12,Phoenix,Atlanta,400.93,Van,886.45,Delivered,3.0
ORD00925,2023-08-11,Los Angeles,Atlanta,215.48,Truck,665.49,Delivered,4.0
ORD00926,2023-07-08,Phoenix,Atlanta,16.12,Van,27.18,Delivered,5.0
ORD00927,2023-09-05,Chicago,Seattle,138.0,Van,369.34,Delivered,5.0
ORD00928,2023-05-04,New York,Atlanta,273.11,Van,672.38,Delivered,5.0
ORD00929,2023-11-05,Chicago,Boston,318.57,Train,887.11,Delivered,5.0
ORD00930,2023-07-26,New York,Miami,132.65,Train,216.18,Delivered,4.0
ORD00931,2023-01-03,Los Angeles,Denver,73.98,Train,196.78,Delayed,4.0
ORD00932,2023-07-10,Houston,Atlanta,418.29,Train,1097.16,Delivered,5.0
ORD00933,2023-05-08,Los Angeles,Atlanta,492.28,Air,1290.42,Delivered,2.0
ORD00934,2023-02-27,Chicago,Atlanta,265.22,Truck,717.94,In Transit,4.0
ORD00935,2023-02-24,New York,Denver,89.98,Truck,256.71,Delivered,5.0
ORD00936,2023-06-14,Phoenix,Atlanta,139.79,Train,434.74,Cancelled,3.0
ORD00937,2023-06-05,New York,Seattle,14.1,Air,28.76,Delivered,5.0
ORD00938,2023-02-14,Los Angeles,Seattle,457.58,Truck,1441.42,Delivered,4.0
ORD00939,2023-05-31,Houston,Seattle,63.29,Van,158.0,Delivered,5.0
ORD00940,2023-09-04,Los Angeles,Atlanta,290.38,Air,480.32,Delayed,1.0
ORD00941,2023-03-23,Los Angeles,Miami,140.66,Truck,227.46,Delivered,4.0
ORD00942,2023-08-17,Houston,Atlanta,279.32,Van,605.7,Delivered,5.0
ORD00943,2023-11-19,Chicago,Atlanta,327.45,Van,1005.2,Cancelled,
ORD00944,2023-06-27,Houston,Atlanta,415.72,Truck,1211.97,Delivered,5.0
ORD00945,2023-07-23,Phoenix,Miami,107.18,Train,329.82,In Transit,5.0
ORD00946,2023-12-11,Phoenix,Boston,10.44,Truck,26.46,Delivered,3.0
ORD00947,2023-10-02,Los Angeles,Boston,72.76,Truck,173.2,Delivered,4.0
ORD00948,2023-12-09,Phoenix,Denver,450.51,Van,808.62,In Transit,4.0
ORD00949,2023-01-06,Chicago,Miami,437.58,Van,943.59,In Transit,4.0
ORD00950,2023-02-28,Chicago,Seattle,300.72,Truck,712.12,Delivered,5.0
ORD00951,2023-04-01,Houston,Denver,302.26,Truck,506.95,Delivered,5.0
ORD00952,2023-03-03,Chicago,Miami,334.19,Truck,648.74,Delivered,5.0
ORD00953,2023-06-05,New York,Seattle,91.81,Truck,247.56,Delivered,5.0
ORD00954,2023-07-26,Houston,Seattle,457.63,Train,1359.77,Delivered,4.0
ORD00955,2023-12-13,Los Angeles,Seattle,212.29,Train,742.31,Delayed,5.0
ORD00956,2023-01-09,Los Angeles,Denver,194.65,Air,655.24,Delivered,5.0
ORD00957,2023-09-20,Phoenix,Denver,261.86,Van,729.31,Delivered,5.0
ORD00958,2023-12-22,Chicago,Atlanta,28.25,Train,66.18,Delivered,5.0
ORD00959,2023-07-06,Los Angeles,Seattle,87.31,Truck,242.05,Delivered,4.0
ORD00960,2023-05-01,Phoenix,Denver,370.33,Air,1137.4,Delivered,5.0
ORD00961,2023-05-15,Chicago,Seattle,45.99,Air,79.87,In Transit,3.0
ORD00962,2023-02-26,Houston,Atlanta,303.56,Truck,704.2,Delivered,4.0
ORD00963,2023-11-15,Chicago,Denver,126.45,Truck,402.06,In Transit,4.0
ORD00964,2023-03-30,Chicago,Denver,197.7,Air,448.32,Delivered,5.0
ORD00965,2023-07-07,Phoenix,Boston,147.9,Van,391.01,In Transit,5.0
ORD00966,2023-03-20,Chicago,Boston,181.06,Van,484.43,Delivered,5.0
ORD00967,2023-11-07,New York,Denver,360.93,Truck,,Cancelled,5.0
ORD00968,2023-12-15,Chicago,Miami,152.08,Van,338.3,Delivered,4.0
ORD00969,2023-04-13,Houston,Boston,285.37,Train,618.97,Delivered,5.0
ORD00970,2023-03-02,Chicago,Seattle,240.64,Truck,373.57,In Transit,4.0
ORD00971,2023-01-31,New York,Seattle,333.52,Truck,516.42,Delivered,4.0
ORD00972,2023-06-16,Chicago,Miami,468.73,Air,1482.78,Delivered,3.0
ORD00973,2023-08-21,Chicago,Denver,367.62,Air,752.2,Cancelled,5.0
ORD00974,2023-10-20,Chicago,Atlanta,111.4,Van,282.53,In Transit,5.0
ORD00975,2023-05-04,Los Angeles,Boston,20.44,Train,42.87,In Transit,4.0
ORD00976,2023-04-03,Houston,Boston,134.82,Air,455.87,Delivered,1.0
ORD00977,2023-02-05,Houston,Seattle,299.56,Van,604.69,Delayed,5.0
ORD00978,2023-08-13,New York,Boston,30.46,Air,71.86,Delayed,1.0
ORD00979,2023-07-05,Houston,Seattle,250.7,Air,813.64,Delayed,5.0
ORD00980,2023-03-22,Phoenix,Denver,300.44,Truck,956.56,Delivered,5.0
ORD00981,2023-10-22,Phoenix,Miami,170.45,Truck,319.12,Delivered,
ORD00982,2023-05-17,Houston,Boston,386.6,Van,1200.5,Delayed,4.0
ORD00983,2023-09-13,Houston,Atlanta,57.77,Train,139.59,In Transit,5.0
ORD00984,2023-04-05,Houston,Denver,42.19,Van,104.04,Delivered,5.0
ORD00985,2023-12-15,New York,Miami,365.45,Air,645.74,Delivered,4.0
ORD00986,2023-05-11,Chicago,Denver,250.27,Van,415.75,Delivered,5.0
ORD00987,2023-01-16,Houston,Boston,345.76,Air,1022.02,Delivered,2.0
ORD00988,2023-11-22,Chicago,Denver,220.24,Van,549.04,Cancelled,4.0
ORD00989,2023-03-04,Houston,Denver,126.97,Van,301.39,Cancelled,5.0
ORD00990,2023-06-07,Phoenix,Seattle,410.46,Train,1214.56,In Transit,5.0
ORD00991,2023-03-15,New York,Miami,400.71,Train,1214.56,Delivered,3.0
ORD00992,2023-01-29,Chicago,Denver,348.87,Truck,634.18,In Transit,5.0
ORD00993,2023-12-27,Houston,Miami,139.71,Truck,380.07,Delayed,4.0
ORD00994,2023-11-08,New York,Atlanta,297.16,Van,526.18,Delivered,4.0
ORD00995,2023-05-30,Los Angeles,Miami,183.68,Van,551.55,Delivered,3.0
ORD00996,2023-12-14,New York,Seattle,50.33,Truck,141.62,Delayed,5.0
ORD00997,2023-01-29,Phoenix,Miami,459.07,Train,1566.91,Delivered,3.0
ORD00998,2023-05-14,New York,Miami,72.73,Truck,119.13,Delivered,4.0
ORD00999,2023-10-13,Phoenix,Miami,475.37,Truck,767.3,Delivered,4.0
ORD01000,2023-09-14,Phoenix,Atlanta,225.77,Train,466.07,Delivered,5.0
